1,066d42aa-98ae-4bd0-8aed-0ab8d7b2bcf8,2025-05-02T16:55:18.447Z,2025-05-02T16:55:18.447Z,31.5,0,997
1,444bcb0c-02c3-4cb3-8cf6-c8f89ebc2fb7,2025-05-02T12:55:18.210Z,2025-05-02T12:55:18.210Z,31.2,0,1030.9
1,ee3df8c6-2add-4e3e-8601-0743a9583442,2025-05-02T11:55:18.134Z,2025-05-02T11:55:18.134Z,30.8,0,962
1,2eaadf15-179e-4dff-84aa-e6e48ac2e673,2025-05-05T06:55:25.668Z,2025-05-05T06:55:25.668Z,31.3,0,1037.4
1,2d8e5711-1761-4eea-a800-52517f1a963c,2025-05-05T03:55:25.477Z,2025-05-05T03:55:25.477Z,30.5,0,1030.1
1,5b079ecb-d064-424d-b765-3028c78136a5,2025-05-05T00:55:25.269Z,2025-05-05T00:55:25.269Z,31.9,0,990.5
1,88f79d5f-1c02-4015-b626-5be7ee548112,2025-05-04T21:55:25.059Z,2025-05-04T21:55:25.059Z,31.1,0,1027.3
1,d43faffe-4a55-4a51-9a24-eaaf9008f845,2025-05-04T18:55:24.825Z,2025-05-04T18:55:24.825Z,31,0,989.4
1,608d46fa-2d77-4ab0-bd55-0428a48e6c6d,2025-05-04T15:55:24.632Z,2025-05-04T15:55:24.632Z,31,0,965.8
1,9bf97dee-e9a6-47a7-8e41-cdcde90c2516,2025-05-04T12:55:24.405Z,2025-05-04T12:55:24.405Z,31.6,0,1030.6
1,e5d5ce27-632d-4026-ada3-e0706313a725,2025-05-04T09:55:24.198Z,2025-05-04T09:55:24.198Z,31,0,961
1,d6891132-e36d-4eeb-9e56-2a1e3b3d3eed,2025-05-04T06:55:23.976Z,2025-05-04T06:55:23.976Z,31.7,0,1046
1,07323704-f13d-42da-804a-ddc0a8fae2cd,2025-05-04T03:55:23.754Z,2025-05-04T03:55:23.754Z,30.3,0,950.3
1,93c7a598-7d3a-48f1-b99c-42b68b962b5b,2025-05-04T00:55:23.578Z,2025-05-04T00:55:23.578Z,31.2,0,966.8
1,fbcdc7bd-5c11-4c47-8bd4-8982a8cff322,2025-05-03T20:55:20.276Z,2025-05-03T20:55:20.276Z,30.2,0,1013.3
1,bac4d703-b497-4926-a086-65b7d645921b,2025-05-03T17:55:20.074Z,2025-05-03T17:55:20.074Z,31.4,0,995.8
1,ab5d3bde-3d28-4c43-97d3-915e93950a66,2025-05-03T14:55:19.901Z,2025-05-03T14:55:19.901Z,32,0,976.9
1,4bb8ab67-c2fe-4e61-83d6-14cde8e11210,2025-05-03T11:55:19.710Z,2025-05-03T11:55:19.710Z,31.1,0,1037.9
1,a7368191-044c-4236-a458-a548952d4c7c,2025-05-03T08:55:19.499Z,2025-05-03T08:55:19.499Z,31.3,0,983.6
1,56eb8cad-f3a0-4f58-ac14-5b91bb185f43,2025-05-03T05:55:19.306Z,2025-05-03T05:55:19.306Z,30.3,0,1048.5
1,58a1af0a-49aa-469d-8fdf-50da505b7906,2025-05-03T02:55:19.132Z,2025-05-03T02:55:19.132Z,31.3,0,985.7
1,164ceb0a-9223-4bee-b8eb-490940b6c96d,2025-05-02T23:55:18.923Z,2025-05-02T23:55:18.923Z,30.2,0,1025.5
1,be2cd456-596d-4321-aef0-d348b4e9829f,2025-05-02T20:55:18.697Z,2025-05-02T20:55:18.697Z,30.7,0,959.6
1,d73ed3ed-8196-4be3-9bdb-135768a2e997,2025-05-02T17:55:18.505Z,2025-05-02T17:55:18.505Z,31.7,0,1003.9
1,5098b944-62b2-4102-a738-2a73aaeb8dbb,2025-05-02T14:55:18.311Z,2025-05-02T14:55:18.311Z,30.2,0,1026.2
1,ee3df8c6-2add-4e3e-8601-0743a9583442,2025-05-02T11:55:18.134Z,2025-05-02T11:55:18.134Z,30.8,0,962
1,1efcbc1a-f1ae-4908-a25f-5e71951ddd10,2025-05-02T08:55:17.949Z,2025-05-02T08:55:17.949Z,31.5,0,1000.4
1,ccd7792b-0f84-477e-9d9c-8eed3c606f7c,2025-05-02T05:55:17.726Z,2025-05-02T05:55:17.726Z,30.6,0,1030.6
1,9e1abc03-e9f7-4d92-a852-aa5752370c8d,2025-05-02T02:55:17.537Z,2025-05-02T02:55:17.537Z,31.8,0,1047.1
1,860232c8-5f3e-4df7-8f46-bbb6e741c4c0,2025-05-01T23:55:17.326Z,2025-05-01T23:55:17.326Z,31.2,0,1029.1
1,24ca5550-1a08-4698-90b6-794f06137842,2025-05-01T20:55:17.137Z,2025-05-01T20:55:17.137Z,31,0,1018
1,3f3dfd8a-1890-4e47-9500-a83a31e284bf,2025-05-01T17:55:16.975Z,2025-05-01T17:55:16.975Z,31.2,0,1035.7
1,1ff14c40-8453-40b0-8cd8-c607084b268d,2025-05-01T14:55:16.778Z,2025-05-01T14:55:16.778Z,31.5,0,1031
1,0a43a747-9313-4fc7-8ad2-1fd6a4713179,2025-05-01T11:55:16.591Z,2025-05-01T11:55:16.591Z,30.7,0,1037
1,d7e54911-55ac-462f-b75b-b5e6cfe6c324,2025-05-01T08:55:16.394Z,2025-05-01T08:55:16.394Z,30.9,0,979
1,7dd18266-232d-42e5-8df9-7b696abf6636,2025-05-01T05:55:16.202Z,2025-05-01T05:55:16.202Z,31.7,0,1041.6
1,cb5b6713-3bc6-41a5-b156-4a39aa92fd16,2025-05-01T02:55:15.992Z,2025-05-01T02:55:15.992Z,30.7,0,989.3
1,cf561d83-0e7f-40d1-a969-67d1abb6ea2f,2025-04-30T23:55:15.796Z,2025-04-30T23:55:15.796Z,30.7,0,950.8
1,3fea1d08-918a-4976-90ad-cda3d59d2973,2025-04-30T20:55:15.588Z,2025-04-30T20:55:15.588Z,31.9,0,987.6
1,19651560-0edd-48f6-991b-a1238fd793e0,2025-04-30T17:55:15.400Z,2025-04-30T17:55:15.400Z,30.1,0,1049.4
1,1ea1dfc1-a6e5-4df2-bf32-45274956a66e,2025-04-30T14:55:15.215Z,2025-04-30T14:55:15.215Z,30.7,0,1001.4
1,b8083859-91fb-4074-99d5-dc23cae890c9,2025-04-30T11:55:15.034Z,2025-04-30T11:55:15.034Z,30.9,0,1025.1
1,347a7e06-9ff4-41eb-9c22-0d6527bd4841,2025-04-30T08:55:14.846Z,2025-04-30T08:55:14.846Z,31.4,0,1019.9
1,eb3fae0c-1405-41b2-b3da-6c4c0b1ab596,2025-04-30T05:55:14.650Z,2025-04-30T05:55:14.650Z,30.8,0,976.9
1,8effae56-2718-466f-8b19-9baefc9d4240,2025-04-30T02:55:14.470Z,2025-04-30T02:55:14.470Z,31.6,0,981.6
1,c58e9a0a-93fd-478c-8417-add0cfb0d9bd,2025-04-29T23:55:14.261Z,2025-04-29T23:55:14.261Z,30.4,0,1016
1,29ff555b-89a4-4dba-b715-e4a2450d86fe,2025-04-29T20:55:14.064Z,2025-04-29T20:55:14.064Z,31.7,0,1044
1,53883a67-9248-4147-b286-376b9955e121,2025-04-29T16:55:11.033Z,2025-04-29T16:55:11.033Z,30.8,0,961.5
1,9395f6b4-ad05-45af-ba1b-5dc9e8e693ab,2025-04-29T13:55:10.833Z,2025-04-29T13:55:10.833Z,30.7,0,1039.4
1,7727ca69-c774-426b-b0ff-35a301f64600,2025-04-29T10:55:10.650Z,2025-04-29T10:55:10.650Z,30.1,0,1034.8
1,1fe6c6af-75e8-4496-8908-94244a888cde,2025-04-29T07:55:10.447Z,2025-04-29T07:55:10.447Z,31.6,0,978.7
1,3625ae09-8d3d-4e17-abf0-5085679f527a,2025-04-29T04:55:10.253Z,2025-04-29T04:55:10.253Z,31.2,0,1020.4
1,18250b21-c005-4f1d-9c37-8f38662913c7,2025-04-29T01:55:10.085Z,2025-04-29T01:55:10.085Z,30,0,970.4
1,da219ebc-d4a9-4059-a8f3-19b5cc39800b,2025-04-28T22:55:09.886Z,2025-04-28T22:55:09.886Z,31.7,0,952.4
1,0f320bb4-9353-4d76-84ff-9d185a93de10,2025-04-24T12:53:06.224Z,2025-04-24T12:53:06.224Z,2.49,0,0
1,bd9ad49a-3dcb-4e83-b880-763a76196c05,2025-04-24T12:53:06.211Z,2025-04-24T12:53:06.211Z,2.49,0,0
1,2d8e5711-1761-4eea-a800-52517f1a963c,2025-05-05T03:55:25.477Z,2025-05-05T03:55:25.477Z,30.5,0,1030.1
1,1b887997-aeb7-4981-87df-47dd2170010f,2025-05-04T23:55:25.193Z,2025-05-04T23:55:25.193Z,31.3,0,1034.2
1,2e05931f-94fd-412c-98a6-40ec91bc2f27,2025-05-04T20:55:24.978Z,2025-05-04T20:55:24.978Z,31.1,0,1014.9
1,4a57ecd1-2b21-4fa2-8b0e-a52fac1701a7,2025-05-04T17:55:24.766Z,2025-05-04T17:55:24.766Z,31.9,0,970.4
1,6b0da645-4c1b-4352-8dad-5154de4246be,2025-05-04T14:55:24.558Z,2025-05-04T14:55:24.558Z,31.1,0,1047.9
1,9aa62bf1-09c0-4d55-b2fa-0433badf5898,2025-05-04T11:55:24.348Z,2025-05-04T11:55:24.348Z,30.4,0,1010.2
1,e350f099-e359-493c-928d-81947ee55ece,2025-05-04T08:55:24.122Z,2025-05-04T08:55:24.122Z,31.7,0,960.4
1,eaf84a7f-ff60-4721-bd53-6ec288d07a26,2025-05-04T05:55:23.903Z,2025-05-04T05:55:23.903Z,30.8,0,981.2
1,792813fe-f0fa-4125-927c-f2193d5a7e26,2025-05-04T02:55:23.711Z,2025-05-04T02:55:23.711Z,31.6,0,1015.1
1,a4a05257-cdc0-452e-ad76-c314d4494ebe,2025-05-03T23:55:23.502Z,2025-05-03T23:55:23.502Z,31.2,0,1002.1
1,bc4375cd-8554-4aa1-961d-196973fada2a,2025-05-03T19:55:20.207Z,2025-05-03T19:55:20.207Z,31.1,0,988.4
1,73e0c131-d4ef-43b3-be48-3d1fbb543941,2025-05-03T16:55:20.030Z,2025-05-03T16:55:20.030Z,30.5,0,954.6
1,ea2ecb22-82a6-484f-a642-7fa20833c784,2025-05-03T13:55:19.825Z,2025-05-03T13:55:19.825Z,31.3,0,1044.5
1,5b1234f2-c16b-482d-bed4-b74643f6b9c4,2025-05-03T10:55:19.632Z,2025-05-03T10:55:19.632Z,30.3,0,963.3
1,a7368191-044c-4236-a458-a548952d4c7c,2025-05-03T08:55:19.499Z,2025-05-03T08:55:19.499Z,31.3,0,983.6
1,56eb8cad-f3a0-4f58-ac14-5b91bb185f43,2025-05-03T05:55:19.306Z,2025-05-03T05:55:19.306Z,30.3,0,1048.5
1,58a1af0a-49aa-469d-8fdf-50da505b7906,2025-05-03T02:55:19.132Z,2025-05-03T02:55:19.132Z,31.3,0,985.7
1,164ceb0a-9223-4bee-b8eb-490940b6c96d,2025-05-02T23:55:18.923Z,2025-05-02T23:55:18.923Z,30.2,0,1025.5
1,be2cd456-596d-4321-aef0-d348b4e9829f,2025-05-02T20:55:18.697Z,2025-05-02T20:55:18.697Z,30.7,0,959.6
1,d73ed3ed-8196-4be3-9bdb-135768a2e997,2025-05-02T17:55:18.505Z,2025-05-02T17:55:18.505Z,31.7,0,1003.9
1,bbea34b6-3794-4c2b-a8ac-fcecd902c585,2025-05-02T13:55:18.250Z,2025-05-02T13:55:18.250Z,30.2,0,950.5
1,cae09db5-9f08-44c6-a407-441a8939ad34,2025-05-02T10:55:18.076Z,2025-05-02T10:55:18.076Z,30.4,0,1033.7
1,1efcbc1a-f1ae-4908-a25f-5e71951ddd10,2025-05-02T08:55:17.949Z,2025-05-02T08:55:17.949Z,31.5,0,1000.4
1,ccd7792b-0f84-477e-9d9c-8eed3c606f7c,2025-05-02T05:55:17.726Z,2025-05-02T05:55:17.726Z,30.6,0,1030.6
1,9e1abc03-e9f7-4d92-a852-aa5752370c8d,2025-05-02T02:55:17.537Z,2025-05-02T02:55:17.537Z,31.8,0,1047.1
1,860232c8-5f3e-4df7-8f46-bbb6e741c4c0,2025-05-01T23:55:17.326Z,2025-05-01T23:55:17.326Z,31.2,0,1029.1
1,24ca5550-1a08-4698-90b6-794f06137842,2025-05-01T20:55:17.137Z,2025-05-01T20:55:17.137Z,31,0,1018
1,3f3dfd8a-1890-4e47-9500-a83a31e284bf,2025-05-01T17:55:16.975Z,2025-05-01T17:55:16.975Z,31.2,0,1035.7
1,1ff14c40-8453-40b0-8cd8-c607084b268d,2025-05-01T14:55:16.778Z,2025-05-01T14:55:16.778Z,31.5,0,1031
1,0a43a747-9313-4fc7-8ad2-1fd6a4713179,2025-05-01T11:55:16.591Z,2025-05-01T11:55:16.591Z,30.7,0,1037
1,d7e54911-55ac-462f-b75b-b5e6cfe6c324,2025-05-01T08:55:16.394Z,2025-05-01T08:55:16.394Z,30.9,0,979
1,7dd18266-232d-42e5-8df9-7b696abf6636,2025-05-01T05:55:16.202Z,2025-05-01T05:55:16.202Z,31.7,0,1041.6
1,cb5b6713-3bc6-41a5-b156-4a39aa92fd16,2025-05-01T02:55:15.992Z,2025-05-01T02:55:15.992Z,30.7,0,989.3
1,cf561d83-0e7f-40d1-a969-67d1abb6ea2f,2025-04-30T23:55:15.796Z,2025-04-30T23:55:15.796Z,30.7,0,950.8
1,3fea1d08-918a-4976-90ad-cda3d59d2973,2025-04-30T20:55:15.588Z,2025-04-30T20:55:15.588Z,31.9,0,987.6
1,19651560-0edd-48f6-991b-a1238fd793e0,2025-04-30T17:55:15.400Z,2025-04-30T17:55:15.400Z,30.1,0,1049.4
1,1ea1dfc1-a6e5-4df2-bf32-45274956a66e,2025-04-30T14:55:15.215Z,2025-04-30T14:55:15.215Z,30.7,0,1001.4
1,b8083859-91fb-4074-99d5-dc23cae890c9,2025-04-30T11:55:15.034Z,2025-04-30T11:55:15.034Z,30.9,0,1025.1
1,347a7e06-9ff4-41eb-9c22-0d6527bd4841,2025-04-30T08:55:14.846Z,2025-04-30T08:55:14.846Z,31.4,0,1019.9
1,eb3fae0c-1405-41b2-b3da-6c4c0b1ab596,2025-04-30T05:55:14.650Z,2025-04-30T05:55:14.650Z,30.8,0,976.9
1,8effae56-2718-466f-8b19-9baefc9d4240,2025-04-30T02:55:14.470Z,2025-04-30T02:55:14.470Z,31.6,0,981.6
1,c58e9a0a-93fd-478c-8417-add0cfb0d9bd,2025-04-29T23:55:14.261Z,2025-04-29T23:55:14.261Z,30.4,0,1016
1,29ff555b-89a4-4dba-b715-e4a2450d86fe,2025-04-29T20:55:14.064Z,2025-04-29T20:55:14.064Z,31.7,0,1044
1,53883a67-9248-4147-b286-376b9955e121,2025-04-29T16:55:11.033Z,2025-04-29T16:55:11.033Z,30.8,0,961.5
1,9395f6b4-ad05-45af-ba1b-5dc9e8e693ab,2025-04-29T13:55:10.833Z,2025-04-29T13:55:10.833Z,30.7,0,1039.4
1,7727ca69-c774-426b-b0ff-35a301f64600,2025-04-29T10:55:10.650Z,2025-04-29T10:55:10.650Z,30.1,0,1034.8
1,1fe6c6af-75e8-4496-8908-94244a888cde,2025-04-29T07:55:10.447Z,2025-04-29T07:55:10.447Z,31.6,0,978.7
1,3625ae09-8d3d-4e17-abf0-5085679f527a,2025-04-29T04:55:10.253Z,2025-04-29T04:55:10.253Z,31.2,0,1020.4
1,18250b21-c005-4f1d-9c37-8f38662913c7,2025-04-29T01:55:10.085Z,2025-04-29T01:55:10.085Z,30,0,970.4
1,da219ebc-d4a9-4059-a8f3-19b5cc39800b,2025-04-28T22:55:09.886Z,2025-04-28T22:55:09.886Z,31.7,0,952.4
1,0f320bb4-9353-4d76-84ff-9d185a93de10,2025-04-24T12:53:06.224Z,2025-04-24T12:53:06.224Z,2.49,0,0
1,1d5cb777-b551-44a0-80db-ab3d21ed6d80,2025-04-23T18:34:11.925Z,2025-04-23T18:34:11.925Z,1.03,0,977.86
1,5911d597-dbf7-426d-9a6e-91d2bcc97682,2025-04-23T18:24:44.399Z,2025-04-23T18:24:44.399Z,1,0,0
1,ddd5fb97-c1f6-4524-9155-03bbf092eb73,2025-04-23T18:21:30.076Z,2025-04-23T18:21:30.076Z,1.32,0,0
1,aa5c36e0-dd83-48af-af97-3b9ae308e8bc,2025-02-22T23:20:55.080Z,2025-02-22T23:20:55.080Z,30.9,0,982.1
1,d67ff654-68dc-477e-82fe-1175c68e130d,2025-02-22T20:20:54.924Z,2025-02-22T20:20:54.924Z,31.9,0,981.6
1,f7128adf-0f3e-4b00-8457-5f9b82044046,2025-02-22T17:20:54.693Z,2025-02-22T17:20:54.693Z,31,0,1025.7
1,b6155e1b-1481-4873-98ee-e45f104c1683,2025-02-22T14:20:54.470Z,2025-02-22T14:20:54.470Z,31.3,0,1043.8
1,ccc78383-44b3-4e8d-8a48-c0493bdde732,2025-02-22T11:19:46.133Z,2025-02-22T11:19:46.133Z,31.6,0,977.4
1,aa37e13f-ec13-42ed-84ea-586ee2b79607,2025-02-22T08:19:45.933Z,2025-02-22T08:19:45.933Z,30.7,0,992.6
1,691e0152-d4d8-433f-87ac-f6203bffa081,2025-02-22T05:19:45.747Z,2025-02-22T05:19:45.747Z,31.3,0,999.3
1,e846e186-239f-45ef-8a43-9892a912d9a0,2025-02-22T02:19:45.585Z,2025-02-22T02:19:45.585Z,31.2,0,1000.7
1,2c266a2b-1511-4295-8085-26f9467e2409,2025-02-21T23:19:45.380Z,2025-02-21T23:19:45.380Z,30.9,0,1042.8
1,9aa62bf1-09c0-4d55-b2fa-0433badf5898,2025-05-04T11:55:24.348Z,2025-05-04T11:55:24.348Z,30.4,0,1010.2
1,5ae6e468-4038-4564-9c7c-eb55830eea0d,2025-05-05T05:55:25.596Z,2025-05-05T05:55:25.596Z,30.8,0,1048
1,7018dbb7-b496-4f70-83d2-44ff6562d158,2025-05-05T02:55:25.418Z,2025-05-05T02:55:25.418Z,31.1,0,997
1,1b887997-aeb7-4981-87df-47dd2170010f,2025-05-04T23:55:25.193Z,2025-05-04T23:55:25.193Z,31.3,0,1034.2
1,2e05931f-94fd-412c-98a6-40ec91bc2f27,2025-05-04T20:55:24.978Z,2025-05-04T20:55:24.978Z,31.1,0,1014.9
1,eec43087-9ef8-46fe-acdf-a8970bf9e0bb,2025-05-04T16:55:24.693Z,2025-05-04T16:55:24.693Z,31.9,0,952.4
1,6b0da645-4c1b-4352-8dad-5154de4246be,2025-05-04T14:55:24.558Z,2025-05-04T14:55:24.558Z,31.1,0,1047.9
1,0d3b2982-2915-47f9-864c-d9aa6bc9c1ff,2025-05-04T10:55:24.272Z,2025-05-04T10:55:24.272Z,31.3,0,1048.8
1,62dc868b-9f75-4749-a199-5429ffefad36,2025-05-04T07:55:24.051Z,2025-05-04T07:55:24.051Z,30.1,0,1015.2
1,515418c6-1435-45a3-8604-fbc594d6a151,2025-05-04T04:55:23.826Z,2025-05-04T04:55:23.826Z,30.8,0,996.3
1,6647586a-a8e4-42e2-9695-32ff4e27cd25,2025-05-04T01:55:23.637Z,2025-05-04T01:55:23.637Z,31.9,0,1031.9
1,5ed5861e-f00f-4887-bd1a-b0aa19d79a4d,2025-05-03T21:55:20.333Z,2025-05-03T21:55:20.333Z,31.2,0,1043.4
1,0c4a686f-7415-4ea1-a77f-7a380c3a6fd4,2025-05-03T18:55:20.131Z,2025-05-03T18:55:20.131Z,32,0,1031.5
1,3f907d73-5e61-4a33-8a85-c462c4a56d76,2025-05-03T15:55:19.974Z,2025-05-03T15:55:19.974Z,30.1,0,991.3
1,15fc5794-1972-4b0c-a7e3-629de1b560a4,2025-05-03T12:55:19.766Z,2025-05-03T12:55:19.766Z,31.7,0,961.2
1,50502334-2c34-4f79-bd06-fce0ed24688d,2025-05-03T09:55:19.572Z,2025-05-03T09:55:19.572Z,31.9,0,962.8
1,1fcbace2-11bf-4733-9729-dac5d0eaee79,2025-05-03T06:55:19.380Z,2025-05-03T06:55:19.380Z,31.4,0,956.7
1,fc9ffc1b-a297-4f2c-b287-25033194e1de,2025-05-03T03:55:19.207Z,2025-05-03T03:55:19.207Z,31.6,0,1036.9
1,339b071d-a8e0-45b6-b222-f6692d1948ca,2025-05-03T00:55:19.001Z,2025-05-03T00:55:19.001Z,31.1,0,1035.8
1,c62a7377-408e-4c3d-8f2f-0d8f6481f37a,2025-05-02T21:55:18.770Z,2025-05-02T21:55:18.770Z,31,0,980.9
1,59b47512-d3e1-4ad4-aed8-6718c101b207,2025-05-02T18:55:18.564Z,2025-05-02T18:55:18.564Z,31.1,0,1020.9
1,4523182a-d32e-4674-9800-31ff8fbb2511,2025-05-02T15:55:18.370Z,2025-05-02T15:55:18.370Z,31.2,0,979.2
1,444bcb0c-02c3-4cb3-8cf6-c8f89ebc2fb7,2025-05-02T12:55:18.210Z,2025-05-02T12:55:18.210Z,31.2,0,1030.9
1,a3c09d2b-d2a4-4aee-a6bc-b98039695be9,2025-05-02T09:55:18.003Z,2025-05-02T09:55:18.003Z,30.2,0,995.6
1,e0d8551b-bcaa-40b6-92aa-407440a5bcec,2025-05-02T06:55:17.812Z,2025-05-02T06:55:17.812Z,31.5,0,1040.8
1,edbb4361-96ef-4c6f-b20e-d22753638435,2025-05-02T03:55:17.613Z,2025-05-02T03:55:17.613Z,30.7,0,959.9
1,c5033321-765c-4628-b3c1-cdf68faf8583,2025-05-02T00:55:17.401Z,2025-05-02T00:55:17.401Z,31.6,0,998.4
1,62dc868b-9f75-4749-a199-5429ffefad36,2025-05-04T07:55:24.051Z,2025-05-04T07:55:24.051Z,30.1,0,1015.2
1,926555cf-cd98-4ddb-a9cb-f5e02e909eab,2025-05-05T13:55:26.128Z,2025-05-05T13:55:26.128Z,31,67.3,31.2,0,1030.9,81.55,True
1,169331f6-6764-47ff-9101-bf620fab3ec5,2025-05-05T12:55:26.068Z,2025-05-05T12:55:26.068Z,31.5,66.7,31.8,0,974.5,76.09,False
1,79e85ce9-597e-4c60-81b2-4f869a32d32a,2025-05-05T10:55:25.932Z,2025-05-05T10:55:25.932Z,32.5,52.3,31.4,0,1035.3,80.69,False
1,79a0abb5-eb6c-42ed-b4fe-ffa90874b064,2025-05-05T08:55:25.797Z,2025-05-05T08:55:25.797Z,33.5,44,31.9,0,968,50.42,True
1,2eaadf15-179e-4dff-84aa-e6e48ac2e673,2025-05-05T06:55:25.668Z,2025-05-05T06:55:25.668Z,33,54.1,31.3,0,1037.4,76.7,True
1,2d8e5711-1761-4eea-a800-52517f1a963c,2025-05-05T03:55:25.477Z,2025-05-05T03:55:25.477Z,31.5,54.6,30.5,0,1030.1,77.95,True
1,a3642c0d-5151-48ca-87d5-7bcede5a82de,2025-05-05T01:55:25.345Z,2025-05-05T01:55:25.345Z,30.5,56.2,32,0,962.6,96.62,True
1,1b887997-aeb7-4981-87df-47dd2170010f,2025-05-04T23:55:25.193Z,2025-05-04T23:55:25.193Z,29.5,57.6,31.3,0,1034.2,55.3,True
1,2e05931f-94fd-412c-98a6-40ec91bc2f27,2025-05-04T20:55:24.978Z,2025-05-04T20:55:24.978Z,28.5,51.3,31.1,0,1014.9,65.69,True
1,d43faffe-4a55-4a51-9a24-eaaf9008f845,2025-05-04T18:55:24.825Z,2025-05-04T18:55:24.825Z,29.5,63,31,0,989.4,93.11,True
1,eec43087-9ef8-46fe-acdf-a8970bf9e0bb,2025-05-04T16:55:24.693Z,2025-05-04T16:55:24.693Z,30.5,43.3,31.9,0,952.4,94.19,False
1,6b0da645-4c1b-4352-8dad-5154de4246be,2025-05-04T14:55:24.558Z,2025-05-04T14:55:24.558Z,31.5,43.5,31.1,0,1047.9,87.39,False
1,9aa62bf1-09c0-4d55-b2fa-0433badf5898,2025-05-04T11:55:24.348Z,2025-05-04T11:55:24.348Z,33,44.3,30.4,0,1010.2,68.82,False
1,e5d5ce27-632d-4026-ada3-e0706313a725,2025-05-04T09:55:24.198Z,2025-05-04T09:55:24.198Z,33.5,61.2,31,0,961,72.76,False
1,62dc868b-9f75-4749-a199-5429ffefad36,2025-05-04T07:55:24.051Z,2025-05-04T07:55:24.051Z,32.5,66.7,30.1,0,1015.2,59.65,False
1,515418c6-1435-45a3-8604-fbc594d6a151,2025-05-04T04:55:23.826Z,2025-05-04T04:55:23.826Z,31,66.5,30.8,0,996.3,51.42,True
1,792813fe-f0fa-4125-927c-f2193d5a7e26,2025-05-04T02:55:23.711Z,2025-05-04T02:55:23.711Z,30,64.1,31.6,0,1015.1,60.53,False
1,93c7a598-7d3a-48f1-b99c-42b68b962b5b,2025-05-04T00:55:23.578Z,2025-05-04T00:55:23.578Z,29,47.3,31.2,0,966.8,63.26,True
1,5ed5861e-f00f-4887-bd1a-b0aa19d79a4d,2025-05-03T21:55:20.333Z,2025-05-03T21:55:20.333Z,29,64.3,31.2,0,1043.4,74.85,False
1,0c4a686f-7415-4ea1-a77f-7a380c3a6fd4,2025-05-03T18:55:20.131Z,2025-05-03T18:55:20.131Z,30.5,60.9,32,0,1031.5,71.02,True
1,73e0c131-d4ef-43b3-be48-3d1fbb543941,2025-05-03T16:55:20.030Z,2025-05-03T16:55:20.030Z,31.5,41.3,30.5,0,954.6,73.97,True
1,ab5d3bde-3d28-4c43-97d3-915e93950a66,2025-05-03T14:55:19.901Z,2025-05-03T14:55:19.901Z,32.5,41.4,32,0,976.9,79.26,True
1,4bb8ab67-c2fe-4e61-83d6-14cde8e11210,2025-05-03T11:55:19.710Z,2025-05-03T11:55:19.710Z,33.5,68.9,31.1,0,1037.9,75.84,False
1,50502334-2c34-4f79-bd06-fce0ed24688d,2025-05-03T09:55:19.572Z,2025-05-03T09:55:19.572Z,32.5,64.4,31.9,0,962.8,81.2,True
1,03996d0a-601f-4920-ad94-7aa6e4fa3a60,2025-05-03T07:55:19.438Z,2025-05-03T07:55:19.438Z,31.5,53.1,31.1,0,1031.5,75.04,True
1,11cb37d2-9ed0-4492-8f29-dc4ebdb4b4fd,2025-05-03T04:55:19.250Z,2025-05-03T04:55:19.250Z,30,46.1,31.8,0,1031.5,73.1,True
1,58a1af0a-49aa-469d-8fdf-50da505b7906,2025-05-03T02:55:19.132Z,2025-05-03T02:55:19.132Z,29,51.5,31.3,0,985.7,82.44,False
1,339b071d-a8e0-45b6-b222-f6692d1948ca,2025-05-03T00:55:19.001Z,2025-05-03T00:55:19.001Z,28.5,41.4,31.1,0,1035.8,72.03,False
1,5568da5a-2f2f-4e06-bc51-c92b4607c375,2025-05-02T22:55:18.845Z,2025-05-02T22:55:18.845Z,29.5,48.8,31.4,0,1049.3,62.67,True
1,9599e846-1a2d-4ce0-838a-e5b35eac4145,2025-05-02T19:55:18.622Z,2025-05-02T19:55:18.622Z,31,63.6,31.3,0,1003.5,72.25,True
1,d73ed3ed-8196-4be3-9bdb-135768a2e997,2025-05-02T17:55:18.505Z,2025-05-02T17:55:18.505Z,32,55.1,31.7,0,1003.9,74.83,True
1,4523182a-d32e-4674-9800-31ff8fbb2511,2025-05-02T15:55:18.370Z,2025-05-02T15:55:18.370Z,33,51.9,31.2,0,979.2,83.77,False
1,444bcb0c-02c3-4cb3-8cf6-c8f89ebc2fb7,2025-05-02T12:55:18.210Z,2025-05-02T12:55:18.210Z,33,59.8,31.2,0,1030.9,59.59,True
1,cae09db5-9f08-44c6-a407-441a8939ad34,2025-05-02T10:55:18.076Z,2025-05-02T10:55:18.076Z,32,62.9,30.4,0,1033.7,51.38,False
1,1efcbc1a-f1ae-4908-a25f-5e71951ddd10,2025-05-02T08:55:17.949Z,2025-05-02T08:55:17.949Z,31,48.8,31.5,0,1000.4,73.73,False
1,e0d8551b-bcaa-40b6-92aa-407440a5bcec,2025-05-02T06:55:17.812Z,2025-05-02T06:55:17.812Z,30,45.5,31.5,0,1040.8,69.6,False
1,edbb4361-96ef-4c6f-b20e-d22753638435,2025-05-02T03:55:17.613Z,2025-05-02T03:55:17.613Z,28.5,63.1,30.7,0,959.9,71.56,False
1,9c067b46-453a-4a9a-92af-86d9b425ab69,2025-05-02T01:55:17.462Z,2025-05-02T01:55:17.462Z,29,60.3,31.2,0,993.4,59.98,True
1,860232c8-5f3e-4df7-8f46-bbb6e741c4c0,2025-05-01T23:55:17.326Z,2025-05-01T23:55:17.326Z,30,42.6,31.2,0,1029.1,53.16,True
1,24ca5550-1a08-4698-90b6-794f06137842,2025-05-01T20:55:17.137Z,2025-05-01T20:55:17.137Z,31.5,51.7,31,0,1018,70.8,False
1,dcfeb7ad-5572-4b7f-ab73-1872d1d8383e,2025-05-01T18:55:17.034Z,2025-05-01T18:55:17.034Z,32.5,46.2,31.8,0,980.3,84.23,True
1,98ac6fe7-de6c-4e00-a18f-3fca4b4e5777,2025-05-01T16:55:16.914Z,2025-05-01T16:55:16.914Z,33.5,64.9,31.2,0,1002.1,86.16,False
1,3d58c309-cfed-439b-8b6f-afcf187c8ed2,2025-05-01T13:55:16.710Z,2025-05-01T13:55:16.710Z,32.5,42.8,30.1,0,959.9,55.04,False
1,0a43a747-9313-4fc7-8ad2-1fd6a4713179,2025-05-01T11:55:16.591Z,2025-05-01T11:55:16.591Z,31.5,58.7,30.7,0,1037,52.49,False
1,5c028d37-b0bd-42c9-be78-b3437ed4c157,2025-05-01T09:55:16.455Z,2025-05-01T09:55:16.455Z,30.5,62.6,32,0,953,69.18,False
1,abce9e06-9231-428b-81b3-ec671605de8c,2025-05-01T06:55:16.265Z,2025-05-01T06:55:16.265Z,29,56.7,31.2,0,1017.8,89.57,False
1,8958638e-2485-47f8-8b8d-3591affd7fc2,2025-05-01T04:55:16.126Z,2025-05-01T04:55:16.126Z,28.5,67.6,30.7,0,1018,70.97,False
1,cb5b6713-3bc6-41a5-b156-4a39aa92fd16,2025-05-01T02:55:15.992Z,2025-05-01T02:55:15.992Z,29.5,69.5,30.7,0,989.3,78.38,True
1,cf561d83-0e7f-40d1-a969-67d1abb6ea2f,2025-04-30T23:55:15.796Z,2025-04-30T23:55:15.796Z,31,61.4,30.7,0,950.8,75.08,True
1,53a39960-10d5-4ad4-a27f-80e923a54700,2025-04-30T21:55:15.648Z,2025-04-30T21:55:15.648Z,32,52.3,31.3,0,1043.9,68.4,False
1,e55a1ee6-fa0f-4a39-9215-127febc04403,2025-04-30T19:55:15.524Z,2025-04-30T19:55:15.524Z,33,69.2,30.6,0,1004.4,67.57,False
1,fc94a972-b9ed-4862-b9eb-d5e301ec4dac,2025-04-30T16:55:15.351Z,2025-04-30T16:55:15.351Z,33,62,31.6,0,985.2,77.78,False
1,1ea1dfc1-a6e5-4df2-bf32-45274956a66e,2025-04-30T14:55:15.215Z,2025-04-30T14:55:15.215Z,32,55.5,30.7,0,1001.4,69.68,True
1,e46e6e4d-c149-4b1e-8200-a792576906d8,2025-04-30T12:55:15.079Z,2025-04-30T12:55:15.079Z,31,68.9,31.9,0,1045.1,87,True
1,e860d82e-6881-456d-97aa-6ff8814df48d,2025-04-30T10:55:14.972Z,2025-04-30T10:55:14.972Z,30,69.4,30.3,0,981.3,82.15,False
1,20b7ca99-34fc-4ac5-85aa-d9234164f4bf,2025-04-30T07:55:14.785Z,2025-04-30T07:55:14.785Z,28.5,48.8,31.1,0,1036.1,71.08,False
1,eb3fae0c-1405-41b2-b3da-6c4c0b1ab596,2025-04-30T05:55:14.650Z,2025-04-30T05:55:14.650Z,29,47,30.8,0,976.9,92.68,False
1,3d303b1e-a560-488e-82fa-721428b31dd0,2025-04-30T03:55:14.544Z,2025-04-30T03:55:14.544Z,30,40.2,30.8,0,1009.5,59.85,False
1,ad5e6e93-da09-45e5-96fe-fa7c55eb94c6,2025-04-30T00:55:14.337Z,2025-04-30T00:55:14.337Z,31.5,41.4,31.4,0,972.8,59.32,False
1,90ef7353-95a7-4e19-9611-c664cf0a396d,2025-04-29T22:55:14.219Z,2025-04-29T22:55:14.219Z,32.5,42.2,30.3,0,952.9,57.66,False
1,29ff555b-89a4-4dba-b715-e4a2450d86fe,2025-04-29T20:55:14.064Z,2025-04-29T20:55:14.064Z,33.5,59.1,31.7,0,1044,93.57,True
1,53883a67-9248-4147-b286-376b9955e121,2025-04-29T16:55:11.033Z,2025-04-29T16:55:11.033Z,32,43.4,30.8,0,961.5,66.41,False
1,a8b3d6d4-b709-4566-981d-e9e5a4cda564,2025-04-29T14:55:10.913Z,2025-04-29T14:55:10.913Z,31,61.7,31,0,998.4,53.79,False
1,8fb907d7-06c9-4a4a-a356-ee721ff22292,2025-04-29T12:55:10.769Z,2025-04-29T12:55:10.769Z,30,41,31.4,0,1025.7,51.35,True
1,93cbab69-f028-4344-aa3a-3fd3c38c399c,2025-04-29T09:55:10.573Z,2025-04-29T09:55:10.573Z,28.5,57,30.3,0,1030.3,84.28,False
1,1fe6c6af-75e8-4496-8908-94244a888cde,2025-04-29T07:55:10.447Z,2025-04-29T07:55:10.447Z,29,69.7,31.6,0,978.7,66.96,True
1,0a4b6fc2-8573-4d15-9f04-23c49a3e8d97,2025-04-29T05:55:10.317Z,2025-04-29T05:55:10.317Z,30,52.2,30.7,0,1012.8,51.22,False
1,dbd4448b-bbdc-40af-9194-8c6c7977a143,2025-04-29T02:55:10.120Z,2025-04-29T02:55:10.120Z,31.5,58.6,31.7,0,1027.9,91.2,True
1,808c6da8-bb1a-4d99-9c5a-93a5d9a754e7,2025-04-29T00:55:09.990Z,2025-04-29T00:55:09.990Z,32.5,63.4,31.9,0,967.7,77.18,True
1,da219ebc-d4a9-4059-a8f3-19b5cc39800b,2025-04-28T22:55:09.886Z,2025-04-28T22:55:09.886Z,33.5,61.4,31.7,0,952.4,68.63,False
1,5047998e-08bd-4a11-a7e5-3508c4ec0338,2025-04-24T12:57:51.160Z,2025-04-24T12:57:51.160Z,0,0,2.49,0,0,83.4,True
1,abb049be-1796-44c7-9373-d112827be773,2025-04-23T18:34:47.469Z,2025-04-23T18:34:47.469Z,24.06,59.26,1.03,0,977.86,91.27,False
1,c1249833-ede7-4d0f-acba-91a4975a1b9e,2025-04-23T18:33:17.004Z,2025-04-23T18:33:17.004Z,23.94,58.79,1.03,0,977.88,91.01,False
1,5911d597-dbf7-426d-9a6e-91d2bcc97682,2025-04-23T18:24:44.399Z,2025-04-23T18:24:44.399Z,0,0,1,0,0,90.75,True
1,ddd5fb97-c1f6-4524-9155-03bbf092eb73,2025-04-23T18:21:30.076Z,2025-04-23T18:21:30.076Z,0,0,1.32,0,0,90.88,True
1,623f3182-aec8-4659-a26f-515629fada57,2025-04-21T20:24:09.347Z,2025-04-21T20:24:09.347Z,0,0,0.06,0,0,99.65,True
1,0ba6e1e3-756d-49ff-a321-1b8df64db11f,2025-02-22T22:20:55.022Z,2025-02-22T22:20:55.022Z,30,49.4,31.7,0,971.6,82.62,True
1,6a28f67f-eedd-46a8-bb7a-636345a1697f,2025-02-22T19:20:54.846Z,2025-02-22T19:20:54.846Z,28.5,40.2,31.4,0,1018.1,68.12,False
1,f7128adf-0f3e-4b00-8457-5f9b82044046,2025-02-22T17:20:54.693Z,2025-02-22T17:20:54.693Z,29,59.9,31,0,1025.7,83.96,False
1,e0d70412-e05a-4a3f-85c3-515699bd899a,2025-02-22T15:20:54.535Z,2025-02-22T15:20:54.535Z,30,55.7,31.4,0,999.7,87.28,True
1,bdd40c28-8f84-4bbb-8bc6-6249239f3479,2025-02-22T12:20:54.332Z,2025-02-22T12:20:54.332Z,31.5,41.7,31.2,0,975.4,96.93,True
1,e3f70fd6-74e4-44af-9460-c0ab10ae9e9e,2025-02-22T10:19:46.074Z,2025-02-22T10:19:46.074Z,32.5,46,31.6,0,967,93.23,False
1,aa37e13f-ec13-42ed-84ea-586ee2b79607,2025-02-22T08:19:45.933Z,2025-02-22T08:19:45.933Z,33.5,53.2,30.7,0,992.6,98.35,True
1,691e0152-d4d8-433f-87ac-f6203bffa081,2025-02-22T05:19:45.747Z,2025-02-22T05:19:45.747Z,32.5,54.5,31.3,0,999.3,69.54,False
1,7d02d622-960e-40d0-9b6a-c4ec59cf1e4c,2025-02-22T03:19:45.599Z,2025-02-22T03:19:45.599Z,31.5,52.6,30.8,0,969.5,99.65,False
1,43d50e03-2174-4c47-8f1c-605c6a3152ef,2025-02-22T01:19:45.505Z,2025-02-22T01:19:45.505Z,30.5,52.4,31.8,0,1043,65.15,False
1,b10e62c6-0026-4625-bedf-645785759572,2025-02-21T22:19:45.321Z,2025-02-21T22:19:45.321Z,29,69.4,31.3,0,1047.5,91.57,True
1,0f61b7f4-be98-48af-ba91-3f08df425a2e,2025-02-21T20:19:45.175Z,2025-02-21T20:19:45.175Z,28.5,69.9,30.9,0,1043.8,85.08,True
1,782ec2d6-9b83-4136-8812-554ee2c56b80,2025-02-21T18:19:45.049Z,2025-02-21T18:19:45.049Z,29.5,65.4,30.9,0,978.1,92.73,True
1,bfa05257-c471-49d7-b6d3-4ecdd088608a,2025-02-21T16:19:44.916Z,2025-02-21T16:19:44.916Z,30.5,43.7,31.3,0,998,55.68,False
1,51c1d80d-ee15-459d-8546-9c2fc4a5a1e3,2025-02-21T13:19:44.731Z,2025-02-21T13:19:44.731Z,32,68.4,30.9,0,1045.7,79.73,False
1,e8038a27-6cde-4364-a545-75554073dbfa,2025-02-21T11:19:44.654Z,2025-02-21T11:19:44.654Z,33,59.7,30.1,0,994.4,76.56,True
1,f184d5e6-0f88-4041-803a-9e3300789b9c,2025-02-21T09:19:44.530Z,2025-02-21T09:19:44.530Z,33.5,40.1,31.8,0,996.9,77.64,True
1,b829146f-41a6-4c0b-bc38-fdbb72b13478,2025-02-21T06:19:44.250Z,2025-02-21T06:19:44.250Z,32,46.4,31.2,0,1013.2,62.73,False
1,db311fe5-009c-4232-b072-8bf80067cd0f,2025-02-21T04:19:44.062Z,2025-02-21T04:19:44.062Z,31,59.9,30.5,0,972.2,84.85,True
1,7e4c8322-e101-4e9e-8d35-7062945e8201,2025-02-21T02:19:43.836Z,2025-02-21T02:19:43.836Z,30,67.9,31.6,0,1017,84.98,False
1,f50db91e-9e16-4131-a8c5-bd9ad683fcec,2025-02-20T23:19:43.698Z,2025-02-20T23:19:43.698Z,28.5,53.2,30.7,0,984.5,66.42,False
1,ff008b9a-288e-4b20-90ab-1ba5c682283e,2025-02-20T21:19:43.531Z,2025-02-20T21:19:43.531Z,29,48.5,30.1,0,985.6,64.22,False
1,cced8ffb-a927-4b95-af11-555d0aef1372,2025-02-20T19:19:43.414Z,2025-02-20T19:19:43.414Z,30,54.1,31.9,0,1014.9,95.22,True
1,d110046c-a059-485a-a23a-77e19eeb64e5,2025-02-20T16:19:43.237Z,2025-02-20T16:19:43.237Z,31.5,49.8,31.4,0,972.3,54.65,True
1,b6334c85-58fd-4a4e-b8f8-fecebd13437c,2025-02-20T14:19:43.067Z,2025-02-20T14:19:43.067Z,32.5,63.4,31.7,0,1039.6,68.63,False
1,8c531f5f-ae00-48b4-9b7e-074a9fbdc2f3,2025-02-20T12:19:42.904Z,2025-02-20T12:19:42.904Z,33.5,60.1,31.2,0,955.2,93.95,False
1,3898f59d-10e7-4088-acc3-2e0c8a74b8d3,2025-02-20T09:19:42.700Z,2025-02-20T09:19:42.700Z,32.5,56,31.4,0,1047.3,62.29,False
1,2c234ada-3e0e-4ffc-b4df-7fa5d240b0ab,2025-02-20T07:19:42.563Z,2025-02-20T07:19:42.563Z,31.5,41.6,31.8,0,1035.3,70.29,False
1,f8e20634-bcb2-4ffd-a11d-1b6b7d1afe77,2025-02-20T05:19:42.434Z,2025-02-20T05:19:42.434Z,30.5,62.5,30.5,0,1006.4,88.18,False
1,716c8670-294b-4c1c-8b8c-7c114f8c649e,2025-02-20T03:19:42.319Z,2025-02-20T03:19:42.319Z,29.5,44.1,31.1,0,1043.9,80.61,True
1,d402edd3-8682-490f-b745-8a7dbe7bb663,2025-02-20T00:19:42.131Z,2025-02-20T00:19:42.131Z,28.5,57.5,30.6,0,1006.2,80.58,False
1,1bbd5467-78aa-49b9-a36a-4066ccaac2b1,2025-02-19T22:19:42.033Z,2025-02-19T22:19:42.033Z,29.5,64.6,31.6,0,1013,96.61,False
1,8b62daf6-2685-424e-a913-592bc2321a52,2025-02-19T20:19:41.895Z,2025-02-19T20:19:41.895Z,30.5,69,31.9,0,960.7,95.21,False
1,e95e76b2-f368-4bd7-907d-4d0c31c79f9c,2025-02-19T17:19:41.714Z,2025-02-19T17:19:41.714Z,32,40.5,30.5,0,1024,86.37,True
1,7adb18d8-2153-42c8-adfc-ebe7a3396c7a,2025-02-19T15:19:41.596Z,2025-02-19T15:19:41.596Z,33,56.9,31,0,1020.9,51.72,True
1,a3ab2479-6677-4d16-acc3-0a6d7348ccc0,2025-02-19T13:19:41.466Z,2025-02-19T13:19:41.466Z,33.5,52.2,31.7,0,953.9,83.4,False
1,d7cb782f-dbee-4e97-b0ef-86d0c9602c3f,2025-02-19T10:19:41.255Z,2025-02-19T10:19:41.255Z,32,50.6,31.7,0,1031,79.38,False
1,79449a04-20df-435e-b630-7009cfe6006a,2025-02-19T08:19:41.139Z,2025-02-19T08:19:41.139Z,31,52.6,31,0,966,50.4,True
1,da10a5f8-209c-4b9b-8c68-2d00e1769ff4,2025-02-19T06:19:41.014Z,2025-02-19T06:19:41.014Z,30,66.8,30.8,0,1027,58.31,False
1,70f2a2ca-deb2-4f78-87ed-c66a8675e88c,2025-02-19T03:19:40.832Z,2025-02-19T03:19:40.832Z,28.5,68.5,31.2,0,956.7,71.85,True
1,f9ab4ef3-fe05-4c02-bf4d-55e96a69f826,2025-02-19T01:19:40.713Z,2025-02-19T01:19:40.713Z,29,62,30.3,0,1006.1,88.84,False
1,e4751f4e-7fcc-4603-8a66-67d2f6247d74,2025-02-18T23:19:40.569Z,2025-02-18T23:19:40.569Z,30,44,31.4,0,997,75.17,True
1,e683756a-05db-499f-b99e-a6256acf2264,2025-02-18T20:19:40.383Z,2025-02-18T20:19:40.383Z,31.5,53.7,31.9,0,1016.6,64.69,True
1,dc2eaeb5-c8c0-4043-92d2-8bcebe29989f,2025-02-18T18:19:40.299Z,2025-02-18T18:19:40.299Z,32.5,47.2,31,0,1036.2,66.48,True
1,7e9bbb58-bc27-45e4-81e6-64373d2f5b43,2025-02-18T16:19:40.137Z,2025-02-18T16:19:40.137Z,33.5,65.9,30.2,0,1023.4,79.48,False
1,737b9032-6846-4c40-b0eb-281c209d3a9f,2025-02-18T12:09:58.351Z,2025-02-18T12:09:58.351Z,32,52.7,30.1,0,1032.8,89.76,False
1,b50d11a7-5f2c-4ab6-9e7a-7ab4213b3318,2025-02-18T10:09:58.232Z,2025-02-18T10:09:58.232Z,33,64.3,31.5,0,1047.2,78.04,True
1,ab01b6f1-7992-4b12-b5d6-991bcbda5018,2025-02-18T08:09:58.154Z,2025-02-18T08:09:58.154Z,33.5,45.9,31.7,0,958.1,58.25,False
1,ad2515b2-4dec-4999-9242-bac172cd299e,2025-02-18T06:09:58.001Z,2025-02-18T06:09:58.001Z,32.5,53.6,30.8,0,1010.1,68.04,True
1,14ebe948-53fa-4526-883b-47aee420e696,2025-02-18T03:09:57.873Z,2025-02-18T03:09:57.873Z,31,67.9,31,0,973.1,87.95,True
1,f9af30d3-a68a-43e9-a475-4ea2cd463d97,2025-02-18T01:09:57.754Z,2025-02-18T01:09:57.754Z,30,48.9,30.1,0,982.7,92.38,True
1,f298f3f2-de79-400a-99d6-b6eb3f8c7d30,2025-02-17T23:09:57.569Z,2025-02-17T23:09:57.569Z,29,52.8,30,0,950.4,58.38,False
1,dad4afe4-6c22-4e07-85d3-cb33ac11b166,2025-02-17T20:09:57.283Z,2025-02-17T20:09:57.283Z,29,50.2,30.4,0,1040.7,92.1,True
1,926555cf-cd98-4ddb-a9cb-f5e02e909eab,2025-05-05T13:55:26.128Z,2025-05-05T13:55:26.128Z,31,67.3,31.2,0,1030.9,81.55,True
1,79e85ce9-597e-4c60-81b2-4f869a32d32a,2025-05-05T10:55:25.932Z,2025-05-05T10:55:25.932Z,32.5,52.3,31.4,0,1035.3,80.69,False
1,507a7415-4255-4d19-9ad5-72b8225eb56d,2025-05-05T09:55:25.856Z,2025-05-05T09:55:25.856Z,33,65.6,30.7,0,954,90.25,False
1,2eaadf15-179e-4dff-84aa-e6e48ac2e673,2025-05-05T06:55:25.668Z,2025-05-05T06:55:25.668Z,33,54.1,31.3,0,1037.4,76.7,True
1,2d8e5711-1761-4eea-a800-52517f1a963c,2025-05-05T03:55:25.477Z,2025-05-05T03:55:25.477Z,31.5,54.6,30.5,0,1030.1,77.95,True
1,5b079ecb-d064-424d-b765-3028c78136a5,2025-05-05T00:55:25.269Z,2025-05-05T00:55:25.269Z,30,40.2,31.9,0,990.5,93.63,True
1,2e05931f-94fd-412c-98a6-40ec91bc2f27,2025-05-04T20:55:24.978Z,2025-05-04T20:55:24.978Z,28.5,51.3,31.1,0,1014.9,65.69,True
1,4a57ecd1-2b21-4fa2-8b0e-a52fac1701a7,2025-05-04T17:55:24.766Z,2025-05-04T17:55:24.766Z,30,51.3,31.9,0,970.4,93.98,True
1,6b0da645-4c1b-4352-8dad-5154de4246be,2025-05-04T14:55:24.558Z,2025-05-04T14:55:24.558Z,31.5,43.5,31.1,0,1047.9,87.39,False
1,0d3b2982-2915-47f9-864c-d9aa6bc9c1ff,2025-05-04T10:55:24.272Z,2025-05-04T10:55:24.272Z,33.5,59.4,31.3,0,1048.8,84.2,True
1,62dc868b-9f75-4749-a199-5429ffefad36,2025-05-04T07:55:24.051Z,2025-05-04T07:55:24.051Z,32.5,66.7,30.1,0,1015.2,59.65,False
1,515418c6-1435-45a3-8604-fbc594d6a151,2025-05-04T04:55:23.826Z,2025-05-04T04:55:23.826Z,31,66.5,30.8,0,996.3,51.42,True
1,6647586a-a8e4-42e2-9695-32ff4e27cd25,2025-05-04T01:55:23.637Z,2025-05-04T01:55:23.637Z,29.5,65.6,31.9,0,1031.9,60.76,True
1,bc4375cd-8554-4aa1-961d-196973fada2a,2025-05-03T19:55:20.207Z,2025-05-03T19:55:20.207Z,30,49,31.1,0,988.4,94.66,False
1,bac4d703-b497-4926-a086-65b7d645921b,2025-05-03T17:55:20.074Z,2025-05-03T17:55:20.074Z,31,57.2,31.4,0,995.8,95.84,True
1,ab5d3bde-3d28-4c43-97d3-915e93950a66,2025-05-03T14:55:19.901Z,2025-05-03T14:55:19.901Z,32.5,41.4,32,0,976.9,79.26,True
1,5b1234f2-c16b-482d-bed4-b74643f6b9c4,2025-05-03T10:55:19.632Z,2025-05-03T10:55:19.632Z,33,64.7,30.3,0,963.3,88.26,True
1,03996d0a-601f-4920-ad94-7aa6e4fa3a60,2025-05-03T07:55:19.438Z,2025-05-03T07:55:19.438Z,31.5,53.1,31.1,0,1031.5,75.04,True
1,11cb37d2-9ed0-4492-8f29-dc4ebdb4b4fd,2025-05-03T04:55:19.250Z,2025-05-03T04:55:19.250Z,30,46.1,31.8,0,1031.5,73.1,True
1,339b071d-a8e0-45b6-b222-f6692d1948ca,2025-05-03T00:55:19.001Z,2025-05-03T00:55:19.001Z,28.5,41.4,31.1,0,1035.8,72.03,False
1,c62a7377-408e-4c3d-8f2f-0d8f6481f37a,2025-05-02T21:55:18.770Z,2025-05-02T21:55:18.770Z,30,44.3,31,0,980.9,83.22,False
1,59b47512-d3e1-4ad4-aed8-6718c101b207,2025-05-02T18:55:18.564Z,2025-05-02T18:55:18.564Z,31.5,44.7,31.1,0,1020.9,99.79,False
1,bbea34b6-3794-4c2b-a8ac-fcecd902c585,2025-05-02T13:55:18.250Z,2025-05-02T13:55:18.250Z,33.5,61.6,30.2,0,950.5,78.16,True
1,cae09db5-9f08-44c6-a407-441a8939ad34,2025-05-02T10:55:18.076Z,2025-05-02T10:55:18.076Z,32,62.9,30.4,0,1033.7,51.38,False
1,15d75d51-05db-422d-8c09-6efa05a3d495,2025-05-02T07:55:17.889Z,2025-05-02T07:55:17.889Z,30.5,68.7,31,0,983.9,68.56,True
1,edbb4361-96ef-4c6f-b20e-d22753638435,2025-05-02T03:55:17.613Z,2025-05-02T03:55:17.613Z,28.5,63.1,30.7,0,959.9,71.56,False
1,9c067b46-453a-4a9a-92af-86d9b425ab69,2025-05-02T01:55:17.462Z,2025-05-02T01:55:17.462Z,29,60.3,31.2,0,993.4,59.98,True
1,982f9399-dfb8-489b-a586-9023efb02fc9,2025-05-01T22:55:17.284Z,2025-05-01T22:55:17.284Z,30.5,66.5,31.1,0,1001.1,99.21,True
1,dcfeb7ad-5572-4b7f-ab73-1872d1d8383e,2025-05-01T18:55:17.034Z,2025-05-01T18:55:17.034Z,32.5,46.2,31.8,0,980.3,84.23,True
1,8a5ee9cc-6720-4b19-9c23-7ca7b8840937,2025-05-01T15:55:16.846Z,2025-05-01T15:55:16.846Z,33.5,52.9,31,0,1020.2,66.08,True
1,303d4a08-06d9-47cd-9068-4941f8419e0f,2025-05-01T12:55:16.649Z,2025-05-01T12:55:16.649Z,32,55.3,31.2,0,1022.8,60.51,True
1,926555cf-cd98-4ddb-a9cb-f5e02e909eab,2025-05-05T13:55:26.128Z,2025-05-05T13:55:26.128Z,31,67.3,31.2,0,1030.9,81.55,True
1,988482c6-613b-446d-a203-e3f6f0f52c81,2025-05-05T11:55:26.009Z,2025-05-05T11:55:26.009Z,32,65.3,31.4,0,1029,55.96,False
1,507a7415-4255-4d19-9ad5-72b8225eb56d,2025-05-05T09:55:25.856Z,2025-05-05T09:55:25.856Z,33,65.6,30.7,0,954,90.25,False
1,12a8a0a3-e32a-4463-b83c-d526a95a996e,2025-05-05T07:55:25.737Z,2025-05-05T07:55:25.737Z,33.5,50.8,30.8,0,1012.4,98.65,True
1,4039a04a-ccf3-4db4-a428-8071bf18c635,2025-05-05T04:55:25.534Z,2025-05-05T04:55:25.534Z,32,63.6,31,0,1022,85.77,True
1,a3642c0d-5151-48ca-87d5-7bcede5a82de,2025-05-05T01:55:25.345Z,2025-05-05T01:55:25.345Z,30.5,56.2,32,0,962.6,96.62,True
1,f21adb10-810f-42fb-9ae6-5d7b88cd8ecb,2025-05-04T22:55:25.132Z,2025-05-04T22:55:25.132Z,29,64.3,30.8,0,1039.5,66.35,False
1,d43faffe-4a55-4a51-9a24-eaaf9008f845,2025-05-04T18:55:24.825Z,2025-05-04T18:55:24.825Z,29.5,63,31,0,989.4,93.11,True
1,608d46fa-2d77-4ab0-bd55-0428a48e6c6d,2025-05-04T15:55:24.632Z,2025-05-04T15:55:24.632Z,31,48.1,31,0,965.8,86.73,True
1,9bf97dee-e9a6-47a7-8e41-cdcde90c2516,2025-05-04T12:55:24.405Z,2025-05-04T12:55:24.405Z,32.5,51.4,31.6,0,1030.6,67.39,True
1,e350f099-e359-493c-928d-81947ee55ece,2025-05-04T08:55:24.122Z,2025-05-04T08:55:24.122Z,33,51.7,31.7,0,960.4,58.12,True
1,eaf84a7f-ff60-4721-bd53-6ec288d07a26,2025-05-04T05:55:23.903Z,2025-05-04T05:55:23.903Z,31.5,68.4,30.8,0,981.2,98.36,True
1,792813fe-f0fa-4125-927c-f2193d5a7e26,2025-05-04T02:55:23.711Z,2025-05-04T02:55:23.711Z,30,64.1,31.6,0,1015.1,60.53,False
1,a4a05257-cdc0-452e-ad76-c314d4494ebe,2025-05-03T23:55:23.502Z,2025-05-03T23:55:23.502Z,28.5,42.9,31.2,0,1002.1,68.03,True
1,0c4a686f-7415-4ea1-a77f-7a380c3a6fd4,2025-05-03T18:55:20.131Z,2025-05-03T18:55:20.131Z,30.5,60.9,32,0,1031.5,71.02,True
1,3f907d73-5e61-4a33-8a85-c462c4a56d76,2025-05-03T15:55:19.974Z,2025-05-03T15:55:19.974Z,32,58.2,30.1,0,991.3,70.98,True
1,15fc5794-1972-4b0c-a7e3-629de1b560a4,2025-05-03T12:55:19.766Z,2025-05-03T12:55:19.766Z,33.5,56.1,31.7,0,961.2,88.6,False
1,a7368191-044c-4236-a458-a548952d4c7c,2025-05-03T08:55:19.499Z,2025-05-03T08:55:19.499Z,32,62.2,31.3,0,983.6,64.02,True
1,56eb8cad-f3a0-4f58-ac14-5b91bb185f43,2025-05-03T05:55:19.306Z,2025-05-03T05:55:19.306Z,30.5,61.4,30.3,0,1048.5,96.02,True
1,58a1af0a-49aa-469d-8fdf-50da505b7906,2025-05-03T02:55:19.132Z,2025-05-03T02:55:19.132Z,29,51.5,31.3,0,985.7,82.44,False
1,5568da5a-2f2f-4e06-bc51-c92b4607c375,2025-05-02T22:55:18.845Z,2025-05-02T22:55:18.845Z,29.5,48.8,31.4,0,1049.3,62.67,True
1,9599e846-1a2d-4ce0-838a-e5b35eac4145,2025-05-02T19:55:18.622Z,2025-05-02T19:55:18.622Z,31,63.6,31.3,0,1003.5,72.25,True
1,066d42aa-98ae-4bd0-8aed-0ab8d7b2bcf8,2025-05-02T16:55:18.447Z,2025-05-02T16:55:18.447Z,32.5,67.6,31.5,0,997,77.37,True
1,444bcb0c-02c3-4cb3-8cf6-c8f89ebc2fb7,2025-05-02T12:55:18.210Z,2025-05-02T12:55:18.210Z,33,59.8,31.2,0,1030.9,59.59,True
1,a3c09d2b-d2a4-4aee-a6bc-b98039695be9,2025-05-02T09:55:18.003Z,2025-05-02T09:55:18.003Z,31.5,68.3,30.2,0,995.6,71.79,False
1,e0d8551b-bcaa-40b6-92aa-407440a5bcec,2025-05-02T06:55:17.812Z,2025-05-02T06:55:17.812Z,30,45.5,31.5,0,1040.8,69.6,False
1,9e1abc03-e9f7-4d92-a852-aa5752370c8d,2025-05-02T02:55:17.537Z,2025-05-02T02:55:17.537Z,28.5,40.9,31.8,0,1047.1,70.45,False
1,860232c8-5f3e-4df7-8f46-bbb6e741c4c0,2025-05-01T23:55:17.326Z,2025-05-01T23:55:17.326Z,30,42.6,31.2,0,1029.1,53.16,True
1,24ca5550-1a08-4698-90b6-794f06137842,2025-05-01T20:55:17.137Z,2025-05-01T20:55:17.137Z,31.5,51.7,31,0,1018,70.8,False
1,98ac6fe7-de6c-4e00-a18f-3fca4b4e5777,2025-05-01T16:55:16.914Z,2025-05-01T16:55:16.914Z,33.5,64.9,31.2,0,1002.1,86.16,False
1,3d58c309-cfed-439b-8b6f-afcf187c8ed2,2025-05-01T13:55:16.710Z,2025-05-01T13:55:16.710Z,32.5,42.8,30.1,0,959.9,55.04,False
1,3c57174b-52d5-4330-8333-dad0f7cd41c2,2025-05-01T10:55:16.515Z,2025-05-01T10:55:16.515Z,31,59.2,30.6,0,1001.7,61.74,True
1,768052c0-cf91-462f-bfb3-58b0082f1e7d,2025-05-01T07:55:16.331Z,2025-05-01T07:55:16.331Z,29.5,67,32,0,1043.8,87.67,False
1,b26dfce5-895c-411f-a5d6-c7aefb29fb95,2025-05-01T03:55:16.052Z,2025-05-01T03:55:16.052Z,29,52.3,31.8,0,1016.3,81.08,True
1,0921e33d-e91b-4259-91d1-ff5499964629,2025-05-01T00:55:15.856Z,2025-05-01T00:55:15.856Z,30.5,47,31.9,0,980.7,95.41,False
1,53a39960-10d5-4ad4-a27f-80e923a54700,2025-04-30T21:55:15.648Z,2025-04-30T21:55:15.648Z,32,52.3,31.3,0,1043.9,68.4,False
1,19651560-0edd-48f6-991b-a1238fd793e0,2025-04-30T17:55:15.400Z,2025-04-30T17:55:15.400Z,33.5,45.5,30.1,0,1049.4,94.89,True
1,1ea1dfc1-a6e5-4df2-bf32-45274956a66e,2025-04-30T14:55:15.215Z,2025-04-30T14:55:15.215Z,32,55.5,30.7,0,1001.4,69.68,True
1,b8083859-91fb-4074-99d5-dc23cae890c9,2025-04-30T11:55:15.034Z,2025-04-30T11:55:15.034Z,30.5,56.8,30.9,0,1025.1,73.13,True
1,20b7ca99-34fc-4ac5-85aa-d9234164f4bf,2025-04-30T07:55:14.785Z,2025-04-30T07:55:14.785Z,28.5,48.8,31.1,0,1036.1,71.08,False
1,d8514708-e624-4782-924a-a7728991628f,2025-04-30T04:55:14.591Z,2025-04-30T04:55:14.591Z,29.5,41.7,30.2,0,1011.6,55.02,False
1,488318cc-84a6-41b1-80d1-38e19179bddd,2025-04-30T01:55:14.410Z,2025-04-30T01:55:14.410Z,31,56.6,31.9,0,1034.1,52.78,True
1,059d5862-c4cd-400c-a569-1eb84a7d03da,2025-04-29T21:55:14.118Z,2025-04-29T21:55:14.118Z,33,67.1,31.9,0,998.2,87.52,False
1,53883a67-9248-4147-b286-376b9955e121,2025-04-29T16:55:11.033Z,2025-04-29T16:55:11.033Z,32,43.4,30.8,0,961.5,66.41,False
1,9395f6b4-ad05-45af-ba1b-5dc9e8e693ab,2025-04-29T13:55:10.833Z,2025-04-29T13:55:10.833Z,30.5,66.1,30.7,0,1039.4,57.62,False
1,93cbab69-f028-4344-aa3a-3fd3c38c399c,2025-04-29T09:55:10.573Z,2025-04-29T09:55:10.573Z,28.5,57,30.3,0,1030.3,84.28,False
1,4f382250-7f64-4278-bc76-5793221aeab8,2025-04-29T06:55:10.384Z,2025-04-29T06:55:10.384Z,29.5,49.8,30.7,0,1018.2,78.62,False
1,382fcab2-2c1b-4d83-8465-d3fe5249ccb0,2025-04-29T03:55:10.211Z,2025-04-29T03:55:10.211Z,31,49.4,30.2,0,980.7,55.67,False
1,627ca4ef-6a90-417a-904e-1ddaf05bbeaa,2025-04-28T23:55:09.946Z,2025-04-28T23:55:09.946Z,33,48.2,31.2,0,970.6,85.56,True
1,5047998e-08bd-4a11-a7e5-3508c4ec0338,2025-04-24T12:57:51.160Z,2025-04-24T12:57:51.160Z,0,0,2.49,0,0,83.4,True
1,abb049be-1796-44c7-9373-d112827be773,2025-04-23T18:34:47.469Z,2025-04-23T18:34:47.469Z,24.06,59.26,1.03,0,977.86,91.27,False
1,c1249833-ede7-4d0f-acba-91a4975a1b9e,2025-04-23T18:33:17.004Z,2025-04-23T18:33:17.004Z,23.94,58.79,1.03,0,977.88,91.01,False
1,97c050ce-2f4f-4ffc-9ed5-ee35974ff128,2025-04-23T18:22:35.176Z,2025-04-23T18:22:35.176Z,0,0,1.21,0,0,90.88,True
1,623f3182-aec8-4659-a26f-515629fada57,2025-04-21T20:24:09.347Z,2025-04-21T20:24:09.347Z,0,0,0.06,0,0,99.65,True
1,6151e583-d665-4cad-a475-f5460b8264c8,2025-02-22T21:20:54.966Z,2025-02-22T21:20:54.966Z,29.5,67.3,31.5,0,980.3,71.69,False
1,f7128adf-0f3e-4b00-8457-5f9b82044046,2025-02-22T17:20:54.693Z,2025-02-22T17:20:54.693Z,29,59.9,31,0,1025.7,83.96,False
1,b6155e1b-1481-4873-98ee-e45f104c1683,2025-02-22T14:20:54.470Z,2025-02-22T14:20:54.470Z,30.5,51.2,31.3,0,1043.8,69.35,False
1,ccc78383-44b3-4e8d-8a48-c0493bdde732,2025-02-22T11:19:46.133Z,2025-02-22T11:19:46.133Z,32,47.4,31.6,0,977.4,95.31,False
1,5885e5bc-66e9-449c-8f86-e0facad46a93,2025-02-22T07:19:45.887Z,2025-02-22T07:19:45.887Z,33.5,69.7,31,0,976.5,73.46,True
1,cad7e3fe-fe6c-405e-920c-c43201d8ffb5,2025-02-22T04:19:45.667Z,2025-02-22T04:19:45.667Z,32,46.4,31,0,962.5,79.4,True
1,43d50e03-2174-4c47-8f1c-605c6a3152ef,2025-02-22T01:19:45.505Z,2025-02-22T01:19:45.505Z,30.5,52.4,31.8,0,1043,65.15,False
1,11b0c727-f847-43d1-b5c6-2350d97d3da6,2025-02-21T21:19:45.239Z,2025-02-21T21:19:45.239Z,28.5,61.4,31.2,0,1019.5,53.16,True
1,782ec2d6-9b83-4136-8812-554ee2c56b80,2025-02-21T18:19:45.049Z,2025-02-21T18:19:45.049Z,29.5,65.4,30.9,0,978.1,92.73,True
1,4e3114bd-c8cf-4e6d-ba47-fefa45a17056,2025-02-21T15:19:44.853Z,2025-02-21T15:19:44.853Z,31,60.3,30.3,0,975.3,54.41,True
1,e8038a27-6cde-4364-a545-75554073dbfa,2025-02-21T11:19:44.654Z,2025-02-21T11:19:44.654Z,33,59.7,30.1,0,994.4,76.56,True
1,5873d1ed-70fa-4bf1-b302-1ad683dd238d,2025-02-21T08:19:44.422Z,2025-02-21T08:19:44.422Z,33,61.9,30.9,0,1002,65.91,False
1,9801ccab-2461-4193-8351-3f70a35347cd,2025-02-21T05:19:44.156Z,2025-02-21T05:19:44.156Z,31.5,42.9,32,0,1011.6,69.78,True
1,8b0500a7-c5ba-41c5-bb34-0ae32e0d091a,2025-02-21T01:19:43.775Z,2025-02-21T01:19:43.775Z,29.5,59.5,32,0,1027.7,69.25,True
1,2bcfe29e-9c5e-4f91-81c3-e50df95a3bfc,2025-02-20T22:19:43.608Z,2025-02-20T22:19:43.608Z,28.5,58.4,31.9,0,976,86.46,False
1,cced8ffb-a927-4b95-af11-555d0aef1372,2025-02-20T19:19:43.414Z,2025-02-20T19:19:43.414Z,30,54.1,31.9,0,1014.9,95.22,True
1,d110046c-a059-485a-a23a-77e19eeb64e5,2025-02-20T16:19:43.237Z,2025-02-20T16:19:43.237Z,31.5,49.8,31.4,0,972.3,54.65,True
1,8c531f5f-ae00-48b4-9b7e-074a9fbdc2f3,2025-02-20T12:19:42.904Z,2025-02-20T12:19:42.904Z,33.5,60.1,31.2,0,955.2,93.95,False
1,3898f59d-10e7-4088-acc3-2e0c8a74b8d3,2025-02-20T09:19:42.700Z,2025-02-20T09:19:42.700Z,32.5,56,31.4,0,1047.3,62.29,False
1,e840b307-9538-45f8-9205-cde5cd838740,2025-02-20T06:19:42.497Z,2025-02-20T06:19:42.497Z,31,43.9,31.9,0,1025,74.4,False
1,a885f6b8-0010-4a22-bf27-b09e8e0a3e99,2025-02-20T02:19:42.249Z,2025-02-20T02:19:42.249Z,29,59.8,30.7,0,986.4,56.2,True
1,a778cb55-f5c9-4eec-a7f8-e304dadb3361,2025-02-19T23:19:42.080Z,2025-02-19T23:19:42.080Z,29,57,31.4,0,1000,57.23,False
1,8b62daf6-2685-424e-a913-592bc2321a52,2025-02-19T20:19:41.895Z,2025-02-19T20:19:41.895Z,30.5,69,31.9,0,960.7,95.21,False
1,7adb18d8-2153-42c8-adfc-ebe7a3396c7a,2025-02-19T15:19:41.596Z,2025-02-19T15:19:41.596Z,33,56.9,31,0,1020.9,51.72,True
1,a3ab2479-6677-4d16-acc3-0a6d7348ccc0,2025-02-19T13:19:41.466Z,2025-02-19T13:19:41.466Z,33.5,52.2,31.7,0,953.9,83.4,False
1,d7cb782f-dbee-4e97-b0ef-86d0c9602c3f,2025-02-19T10:19:41.255Z,2025-02-19T10:19:41.255Z,32,50.6,31.7,0,1031,79.38,False
1,da10a5f8-209c-4b9b-8c68-2d00e1769ff4,2025-02-19T06:19:41.014Z,2025-02-19T06:19:41.014Z,30,66.8,30.8,0,1027,58.31,False
1,70f2a2ca-deb2-4f78-87ed-c66a8675e88c,2025-02-19T03:19:40.832Z,2025-02-19T03:19:40.832Z,28.5,68.5,31.2,0,956.7,71.85,True
1,72c6648d-d016-452a-a880-e90a2e40e5f4,2025-02-19T00:19:40.642Z,2025-02-19T00:19:40.642Z,29.5,60.4,30.7,0,1035.5,61.97,True
1,e683756a-05db-499f-b99e-a6256acf2264,2025-02-18T20:19:40.383Z,2025-02-18T20:19:40.383Z,31.5,53.7,31.9,0,1016.6,64.69,True
1,733467d6-3e55-4481-b9a7-50d93b3c8270,2025-02-18T17:19:40.215Z,2025-02-18T17:19:40.215Z,33,50,31.2,0,991,61.82,True
1,689d9b5c-a536-4f36-8a81-684291a7f0fc,2025-02-18T13:09:58.415Z,2025-02-18T13:09:58.415Z,31.5,68.4,31.3,0,952.9,78.39,False
1,b50d11a7-5f2c-4ab6-9e7a-7ab4213b3318,2025-02-18T10:09:58.232Z,2025-02-18T10:09:58.232Z,33,64.3,31.5,0,1047.2,78.04,True
1,ad2515b2-4dec-4999-9242-bac172cd299e,2025-02-18T06:09:58.001Z,2025-02-18T06:09:58.001Z,32.5,53.6,30.8,0,1010.1,68.04,True
1,14ebe948-53fa-4526-883b-47aee420e696,2025-02-18T03:09:57.873Z,2025-02-18T03:09:57.873Z,31,67.9,31,0,973.1,87.95,True
1,81b852e8-817c-4c0c-950b-875e334b3e46,2025-02-18T00:09:57.697Z,2025-02-18T00:09:57.697Z,29.5,68.3,31.9,0,1027.7,99.04,True
1,dad4afe4-6c22-4e07-85d3-cb33ac11b166,2025-02-17T20:09:57.283Z,2025-02-17T20:09:57.283Z,29,50.2,30.4,0,1040.7,92.1,True
1,bc448150-1f25-4f46-a888-a3c2e5b2229b,2025-02-17T17:09:21.172Z,2025-02-17T17:09:21.172Z,30.5,55.3,30.2,0,989.9,67.86,False
1,902e16b3-db28-4adf-bbae-a9fcd5f905bb,2025-02-17T14:09:20.958Z,2025-02-17T14:09:20.958Z,32,42.9,31.9,0,998,65.75,False
1,2540a99d-7948-4d3c-984e-c39b865bc13c,2025-02-17T10:09:20.682Z,2025-02-17T10:09:20.682Z,33.5,61.9,30.9,0,972.5,67.2,True
1,17ce3e8e-2f10-4f33-87f8-a240a9ca742c,2025-02-17T07:09:20.464Z,2025-02-17T07:09:20.464Z,32,66.9,30.8,0,1047,78.39,False
1,85b144e5-9441-4fd8-9f0d-8943133cc354,2025-02-17T04:09:20.261Z,2025-02-17T04:09:20.261Z,30.5,59.8,31.2,0,968.4,89.12,True
1,49b4e18e-f413-449a-82cb-90bbbf25bb2b,2025-02-17T00:09:19.973Z,2025-02-17T00:09:19.973Z,28.5,68.9,31,0,990.4,92.44,True
1,793d80e1-0105-483b-9440-e66a5b5225ea,2025-02-16T21:09:19.786Z,2025-02-16T21:09:19.786Z,29.5,51.1,30.4,0,954.7,66.19,True
1,e28b733e-a0a0-4c68-8b36-cb277ae00933,2025-02-16T18:09:19.602Z,2025-02-16T18:09:19.602Z,31,51.1,31.9,0,987.7,55.74,True
1,cf8363b6-8d98-4178-962e-576c8ca12d1c,2025-02-16T14:09:19.329Z,2025-02-16T14:09:19.329Z,33,56.4,31.8,0,992.1,62.04,False
1,c0b4fe21-dee2-45f8-8803-2c10decce8eb,2025-02-16T11:09:19.127Z,2025-02-16T11:09:19.127Z,33,58.3,30.2,0,1006.7,95.3,True
1,99b24846-677c-4177-9f54-0ad79ee381ca,2025-02-16T08:09:18.927Z,2025-02-16T08:09:18.927Z,31.5,46.6,30.3,0,961.3,51.42,False
1,f1abbae7-1c53-42af-89a7-0b88dddfa2a3,2025-02-16T05:09:18.739Z,2025-02-16T05:09:18.739Z,30,42,30.6,0,959.8,70.38,False
1,b518b6a5-6bd8-4c7f-9b59-12bdd6096e1f,2025-02-16T01:09:18.503Z,2025-02-16T01:09:18.503Z,28.5,56.6,31,0,966.2,75.85,False
1,3ccd43a8-7aee-4ba1-b3f3-f894e812567c,2025-02-15T22:09:18.290Z,2025-02-15T22:09:18.290Z,30,48.2,30.1,0,1043.7,85.64,True
1,19ad5714-58b7-4a19-9a1d-afea9e1e5ca5,2025-02-15T19:09:18.088Z,2025-02-15T19:09:18.088Z,31.5,51.3,30.8,0,955,94.04,False
1,d45ab159-c7a1-4675-a066-74465770aeaa,2025-02-15T15:09:17.813Z,2025-02-15T15:09:17.813Z,33.5,50.6,30,0,1045.5,53.42,True
1,3d082eda-478d-433d-ac56-c49edb40c256,2025-02-15T11:09:17.559Z,2025-02-15T11:09:17.559Z,32,58.9,30.8,0,1032,72.57,False
1,9228f49f-1cc2-47ac-b475-44fe42938957,2025-02-15T08:09:17.370Z,2025-02-15T08:09:17.370Z,30.5,51.5,30.7,0,972.8,80.61,False
1,2b3ed368-8e45-434f-bb3f-f41e64a7c036,2025-02-15T05:09:17.158Z,2025-02-15T05:09:17.158Z,29,66.9,30.7,0,1046.1,51.61,True
1,aebe671f-c619-4be7-b72e-04c8b0aa668a,2025-02-15T02:09:16.949Z,2025-02-15T02:09:16.949Z,29,43.7,30.9,0,985,87.71,False
1,724c675d-f583-4b19-b0ca-6714e9edf87a,2025-02-14T23:09:16.796Z,2025-02-14T23:09:16.796Z,30.5,63.9,31.1,0,960,89.12,True
1,a6229db0-8463-4dfb-87c8-739c28045ed8,2025-02-14T19:09:16.517Z,2025-02-14T19:09:16.517Z,32.5,56.4,30.5,0,974.9,53.7,True
1,7cdfde6f-559f-4047-8099-ed3d955d0b69,2025-02-14T16:09:16.363Z,2025-02-14T16:09:16.363Z,33.5,61.2,30.3,0,1043.6,90.61,True
1,4eca9b9d-1ea3-4436-bff4-5d799e0fc8ee,2025-02-14T13:09:16.132Z,2025-02-14T13:09:16.132Z,32,40.4,30.2,0,980.1,66.99,False
1,7d493b36-51e7-48c6-af81-978049072bb9,2025-02-14T10:09:15.886Z,2025-02-14T10:09:15.886Z,30.5,41,31.5,0,986.7,65.13,True
1,45ddbdc0-3444-4874-9f0e-430c10f5be16,2025-02-14T06:09:15.636Z,2025-02-14T06:09:15.636Z,28.5,40.3,31.6,0,953.2,65.07,False
1,52476c8b-2a77-442d-8eb5-9552aa88ca5b,2025-02-14T03:09:15.476Z,2025-02-14T03:09:15.476Z,29.5,40.6,31,0,1043.7,97.91,True
1,1e70244c-caaf-4bc6-9bfe-c176fd987301,2025-02-14T00:09:15.265Z,2025-02-14T00:09:15.265Z,31,62.2,30.5,0,1042.6,79.2,False
1,50a949b2-1905-4b09-af6a-b3c2afa942a4,2025-02-13T14:05:52.096Z,2025-02-13T14:05:52.096Z,31.5,46.6,30,0,984.5,50.86,False
1,85e0a60f-5324-4d73-ae39-0f309490ac9b,2025-02-13T11:05:51.926Z,2025-02-13T11:05:51.926Z,30,40,31.9,0,1014.9,91.66,False
1,001cda3d-f13e-44ca-b326-69320ef398ca,2025-02-13T08:05:51.722Z,2025-02-13T08:05:51.722Z,28.5,62.7,31.3,0,1047,91.05,True
1,53ddbe60-75d6-449c-b046-14e568dc6e7e,2025-02-13T04:05:51.458Z,2025-02-13T04:05:51.458Z,30,46.4,30.8,0,1046.9,65.64,False
1,596fed62-88d9-4b75-9e03-eecc932416b2,2025-02-13T01:05:51.288Z,2025-02-13T01:05:51.288Z,31.5,46.1,31.9,0,965.7,98.95,True
1,ba6538d7-fc59-462f-8a21-28c9538b2dcd,2025-02-12T22:05:51.112Z,2025-02-12T22:05:51.112Z,33,53.2,30.8,0,950.4,97.08,True
1,4656245f-0d09-4f1f-8f33-06afe9967c54,2025-02-12T19:08:29.776Z,2025-02-12T19:08:29.776Z,24.9,63.9,43.7,1.83,952.1,50.68,True
1,c2dc62db-f1c9-45f2-9765-a7a7c4df070e,2025-01-19T20:49:55.283Z,2025-01-19T20:49:55.283Z,28.2,53.3,40.9,0,978.5,78.2933,False
1,0994c1ab-f424-4416-8c83-90bf68020fa8,2025-01-19T17:49:55.114Z,2025-01-19T17:49:55.114Z,28.2,53.3,40.9,0,978.5,78.2933,False
1,6b170b72-96fd-402e-a51b-03b4fc2c95e8,2025-01-19T14:49:54.941Z,2025-01-19T14:49:54.941Z,28.2,53.3,40.9,0,978.5,78.2933,False
1,81bfb573-d9dd-4605-8f69-c7c7f98f13bd,2025-01-19T10:49:54.708Z,2025-01-19T10:49:54.708Z,28.2,53.3,40.9,0,978.5,78.2933,False
1,fc951bad-c6ea-4365-8857-93e64c52ff68,2025-01-19T07:49:54.522Z,2025-01-19T07:49:54.522Z,28.2,53.3,40.9,0,978.5,78.2933,False
1,43b31691-4191-493f-a2f8-cd4c8a4baf2d,2025-01-19T04:49:54.356Z,2025-01-19T04:49:54.356Z,28.2,53.3,40.9,0,978.5,78.2933,False
1,c10a2b84-1fb1-48bf-bfb7-2cd3c480451a,2025-01-19T00:49:54.112Z,2025-01-19T00:49:54.112Z,28.2,53.3,40.9,0,978.5,78.2933,False
1,68c65a7f-b9b4-43dc-bbbb-55d18d460588,2025-01-18T21:49:53.934Z,2025-01-18T21:49:53.934Z,28.2,53.3,40.9,0,978.5,78.2933,False
1,463fea1b-4169-4063-91c1-18eba2f4ba78,2025-01-18T18:49:53.757Z,2025-01-18T18:49:53.757Z,28.2,53.3,40.9,0,978.5,78.2933,False
1,71cc2eca-9d66-4c29-9b21-29b55bdcfddb,2025-01-18T14:49:53.524Z,2025-01-18T14:49:53.524Z,28.2,53.3,40.9,0,978.5,78.2933,False
1,ac1856fe-f7b5-4379-becf-d426e7bb3447,2025-01-18T11:49:53.341Z,2025-01-18T11:49:53.341Z,28.2,53.3,40.9,0,978.5,78.2933,False
1,365f7d54-9b7b-448c-bdc1-5940d9bc063c,2025-01-18T08:49:53.130Z,2025-01-18T08:49:53.130Z,28.2,53.3,40.9,0,978.5,78.2933,False
1,f6c28757-8486-41de-a6cf-9103c6e5e7a8,2025-01-18T04:49:52.903Z,2025-01-18T04:49:52.903Z,28.2,53.3,40.9,0,978.5,78.2933,False
1,50061244-fefb-4612-a172-17787009e22d,2025-01-18T01:49:52.739Z,2025-01-18T01:49:52.739Z,28.2,53.3,40.9,0,978.5,78.2933,False
1,bf6de5ba-f2c7-4eb8-99a8-7b3954aae98d,2025-01-17T22:49:52.575Z,2025-01-17T22:49:52.575Z,28.2,53.3,40.9,0,978.5,78.2933,False
1,74226420-a0e4-4192-99fb-91f6ea74c9b9,2025-01-17T19:49:52.402Z,2025-01-17T19:49:52.402Z,28.2,53.3,40.9,0,978.5,78.2933,False
1,a9918b28-293a-4dbb-8d06-9ddae9ead579,2025-01-17T15:49:52.144Z,2025-01-17T15:49:52.144Z,28.2,53.3,40.9,0,978.5,78.2933,False
1,e03059d6-95ef-4c51-ab51-43a352a37794,2025-01-17T12:49:51.979Z,2025-01-17T12:49:51.979Z,28.2,53.3,40.9,0,978.5,78.2933,False
1,79e85ce9-597e-4c60-81b2-4f869a32d32a,2025-05-05T10:55:25.932Z,2025-05-05T10:55:25.932Z,32.5,52.3,31.4,0,1035.3,80.69,False
1,5ae6e468-4038-4564-9c7c-eb55830eea0d,2025-05-05T05:55:25.596Z,2025-05-05T05:55:25.596Z,32.5,56.5,30.8,0,1048,77.98,False
1,7018dbb7-b496-4f70-83d2-44ff6562d158,2025-05-05T02:55:25.418Z,2025-05-05T02:55:25.418Z,31,69.4,31.1,0,997,81.87,False
1,f21adb10-810f-42fb-9ae6-5d7b88cd8ecb,2025-05-04T22:55:25.132Z,2025-05-04T22:55:25.132Z,29,64.3,30.8,0,1039.5,66.35,False
1,5af6020c-c61f-42da-96c6-4a3c6d4ba4b6,2025-05-04T19:55:24.900Z,2025-05-04T19:55:24.900Z,29,52.5,32,0,1002.8,75.58,True
1,eec43087-9ef8-46fe-acdf-a8970bf9e0bb,2025-05-04T16:55:24.693Z,2025-05-04T16:55:24.693Z,30.5,43.3,31.9,0,952.4,94.19,False
1,9bf97dee-e9a6-47a7-8e41-cdcde90c2516,2025-05-04T12:55:24.405Z,2025-05-04T12:55:24.405Z,32.5,51.4,31.6,0,1030.6,67.39,True
1,e5d5ce27-632d-4026-ada3-e0706313a725,2025-05-04T09:55:24.198Z,2025-05-04T09:55:24.198Z,33.5,61.2,31,0,961,72.76,False
1,d6891132-e36d-4eeb-9e56-2a1e3b3d3eed,2025-05-04T06:55:23.976Z,2025-05-04T06:55:23.976Z,32,61.9,31.7,0,1046,86.43,True
1,792813fe-f0fa-4125-927c-f2193d5a7e26,2025-05-04T02:55:23.711Z,2025-05-04T02:55:23.711Z,30,64.1,31.6,0,1015.1,60.53,False
1,a4a05257-cdc0-452e-ad76-c314d4494ebe,2025-05-03T23:55:23.502Z,2025-05-03T23:55:23.502Z,28.5,42.9,31.2,0,1002.1,68.03,True
1,bc4375cd-8554-4aa1-961d-196973fada2a,2025-05-03T19:55:20.207Z,2025-05-03T19:55:20.207Z,30,49,31.1,0,988.4,94.66,False
1,73e0c131-d4ef-43b3-be48-3d1fbb543941,2025-05-03T16:55:20.030Z,2025-05-03T16:55:20.030Z,31.5,41.3,30.5,0,954.6,73.97,True
1,15fc5794-1972-4b0c-a7e3-629de1b560a4,2025-05-03T12:55:19.766Z,2025-05-03T12:55:19.766Z,33.5,56.1,31.7,0,961.2,88.6,False
1,50502334-2c34-4f79-bd06-fce0ed24688d,2025-05-03T09:55:19.572Z,2025-05-03T09:55:19.572Z,32.5,64.4,31.9,0,962.8,81.2,True
1,1fcbace2-11bf-4733-9729-dac5d0eaee79,2025-05-03T06:55:19.380Z,2025-05-03T06:55:19.380Z,31,69.4,31.4,0,956.7,56.38,False
1,58a1af0a-49aa-469d-8fdf-50da505b7906,2025-05-03T02:55:19.132Z,2025-05-03T02:55:19.132Z,29,51.5,31.3,0,985.7,82.44,False
1,164ceb0a-9223-4bee-b8eb-490940b6c96d,2025-05-02T23:55:18.923Z,2025-05-02T23:55:18.923Z,29,50.8,30.2,0,1025.5,71.14,True
1,be2cd456-596d-4321-aef0-d348b4e9829f,2025-05-02T20:55:18.697Z,2025-05-02T20:55:18.697Z,30.5,48.4,30.7,0,959.6,60.43,False
1,066d42aa-98ae-4bd0-8aed-0ab8d7b2bcf8,2025-05-02T16:55:18.447Z,2025-05-02T16:55:18.447Z,32.5,67.6,31.5,0,997,77.37,True
1,bbea34b6-3794-4c2b-a8ac-fcecd902c585,2025-05-02T13:55:18.250Z,2025-05-02T13:55:18.250Z,33.5,61.6,30.2,0,950.5,78.16,True
1,cae09db5-9f08-44c6-a407-441a8939ad34,2025-05-02T10:55:18.076Z,2025-05-02T10:55:18.076Z,32,62.9,30.4,0,1033.7,51.38,False
1,e0d8551b-bcaa-40b6-92aa-407440a5bcec,2025-05-02T06:55:17.812Z,2025-05-02T06:55:17.812Z,30,45.5,31.5,0,1040.8,69.6,False
1,edbb4361-96ef-4c6f-b20e-d22753638435,2025-05-02T03:55:17.613Z,2025-05-02T03:55:17.613Z,28.5,63.1,30.7,0,959.9,71.56,False
1,c5033321-765c-4628-b3c1-cdf68faf8583,2025-05-02T00:55:17.401Z,2025-05-02T00:55:17.401Z,29.5,49,31.6,0,998.4,95.43,True
1,24ca5550-1a08-4698-90b6-794f06137842,2025-05-01T20:55:17.137Z,2025-05-01T20:55:17.137Z,31.5,51.7,31,0,1018,70.8,False
1,3f3dfd8a-1890-4e47-9500-a83a31e284bf,2025-05-01T17:55:16.975Z,2025-05-01T17:55:16.975Z,33,47.7,31.2,0,1035.7,95.41,True
1,1ff14c40-8453-40b0-8cd8-c607084b268d,2025-05-01T14:55:16.778Z,2025-05-01T14:55:16.778Z,33,45.9,31.5,0,1031,97.48,True
1,3c57174b-52d5-4330-8333-dad0f7cd41c2,2025-05-01T10:55:16.515Z,2025-05-01T10:55:16.515Z,31,59.2,30.6,0,1001.7,61.74,True
1,768052c0-cf91-462f-bfb3-58b0082f1e7d,2025-05-01T07:55:16.331Z,2025-05-01T07:55:16.331Z,29.5,67,32,0,1043.8,87.67,False
1,7dd18266-232d-42e5-8df9-7b696abf6636,2025-05-01T05:55:16.202Z,2025-05-01T05:55:16.202Z,28.5,61.9,31.7,0,1041.6,79.95,True
1,cb5b6713-3bc6-41a5-b156-4a39aa92fd16,2025-05-01T02:55:15.992Z,2025-05-01T02:55:15.992Z,29.5,69.5,30.7,0,989.3,78.38,True
1,dbb0793a-8dfb-4989-8643-86f2ec756ea9,2025-04-30T22:55:15.722Z,2025-04-30T22:55:15.722Z,31.5,46.8,30.6,0,1027.8,65.84,False
1,e55a1ee6-fa0f-4a39-9215-127febc04403,2025-04-30T19:55:15.524Z,2025-04-30T19:55:15.524Z,33,69.2,30.6,0,1004.4,67.57,False
1,fc94a972-b9ed-4862-b9eb-d5e301ec4dac,2025-04-30T16:55:15.351Z,2025-04-30T16:55:15.351Z,33,62,31.6,0,985.2,77.78,False
1,e46e6e4d-c149-4b1e-8200-a792576906d8,2025-04-30T12:55:15.079Z,2025-04-30T12:55:15.079Z,31,68.9,31.9,0,1045.1,87,True
1,9bd396c8-3da4-4fbe-bad1-313df6f76c19,2025-04-30T09:55:14.909Z,2025-04-30T09:55:14.909Z,29.5,63.7,30.5,0,1018,68.44,True
1,e063d7a1-6982-49db-a7a2-fe21bd72798c,2025-04-30T06:55:14.716Z,2025-04-30T06:55:14.716Z,28.5,68.2,30.4,0,981.2,62.39,True
1,8effae56-2718-466f-8b19-9baefc9d4240,2025-04-30T02:55:14.470Z,2025-04-30T02:55:14.470Z,30.5,58.2,31.6,0,981.6,84.91,False
1,c58e9a0a-93fd-478c-8417-add0cfb0d9bd,2025-04-29T23:55:14.261Z,2025-04-29T23:55:14.261Z,32,66.1,30.4,0,1016,90.92,False
1,29ff555b-89a4-4dba-b715-e4a2450d86fe,2025-04-29T20:55:14.064Z,2025-04-29T20:55:14.064Z,33.5,59.1,31.7,0,1044,93.57,True
1,894cdb1e-3819-4fef-b319-12436213f658,2025-04-29T15:55:10.976Z,2025-04-29T15:55:10.976Z,31.5,59.9,30.8,0,973.1,92.86,False
1,8fb907d7-06c9-4a4a-a356-ee721ff22292,2025-04-29T12:55:10.769Z,2025-04-29T12:55:10.769Z,30,41,31.4,0,1025.7,51.35,True
1,93cbab69-f028-4344-aa3a-3fd3c38c399c,2025-04-29T09:55:10.573Z,2025-04-29T09:55:10.573Z,28.5,57,30.3,0,1030.3,84.28,False
1,0a4b6fc2-8573-4d15-9f04-23c49a3e8d97,2025-04-29T05:55:10.317Z,2025-04-29T05:55:10.317Z,30,52.2,30.7,0,1012.8,51.22,False
1,dbd4448b-bbdc-40af-9194-8c6c7977a143,2025-04-29T02:55:10.120Z,2025-04-29T02:55:10.120Z,31.5,58.6,31.7,0,1027.9,91.2,True
1,627ca4ef-6a90-417a-904e-1ddaf05bbeaa,2025-04-28T23:55:09.946Z,2025-04-28T23:55:09.946Z,33,48.2,31.2,0,970.6,85.56,True
1,0f320bb4-9353-4d76-84ff-9d185a93de10,2025-04-24T12:53:06.224Z,2025-04-24T12:53:06.224Z,0,0,2.49,0,0,83.4,True
1,1d5cb777-b551-44a0-80db-ab3d21ed6d80,2025-04-23T18:34:11.925Z,2025-04-23T18:34:11.925Z,23.96,59.14,1.03,0,977.86,91.4,False
1,5911d597-dbf7-426d-9a6e-91d2bcc97682,2025-04-23T18:24:44.399Z,2025-04-23T18:24:44.399Z,0,0,1,0,0,90.75,True
1,ddd5fb97-c1f6-4524-9155-03bbf092eb73,2025-04-23T18:21:30.076Z,2025-04-23T18:21:30.076Z,0,0,1.32,0,0,90.88,True
1,0ba6e1e3-756d-49ff-a321-1b8df64db11f,2025-02-22T22:20:55.022Z,2025-02-22T22:20:55.022Z,30,49.4,31.7,0,971.6,82.62,True
1,6a28f67f-eedd-46a8-bb7a-636345a1697f,2025-02-22T19:20:54.846Z,2025-02-22T19:20:54.846Z,28.5,40.2,31.4,0,1018.1,68.12,False
1,35020cdc-7d5b-4a07-b801-2190107b4527,2025-02-22T16:20:54.627Z,2025-02-22T16:20:54.627Z,29.5,46.5,30.5,0,950.6,98.78,True
1,bdd40c28-8f84-4bbb-8bc6-6249239f3479,2025-02-22T12:20:54.332Z,2025-02-22T12:20:54.332Z,31.5,41.7,31.2,0,975.4,96.93,True
1,bc7e38a6-b72c-45c8-9922-ef072371453a,2025-02-22T09:19:46.000Z,2025-02-22T09:19:46.000Z,33,57.5,30.4,0,981.2,51.11,True
1,1b20d8d0-1d06-401d-a15f-72066fb444a0,2025-02-22T06:19:45.804Z,2025-02-22T06:19:45.804Z,33,53.9,30.3,0,1004.7,66.22,True
1,e846e186-239f-45ef-8a43-9892a912d9a0,2025-02-22T02:19:45.585Z,2025-02-22T02:19:45.585Z,31,64.9,31.2,0,1000.7,90.81,True
1,2c266a2b-1511-4295-8085-26f9467e2409,2025-02-21T23:19:45.380Z,2025-02-21T23:19:45.380Z,29.5,55.3,30.9,0,1042.8,59.94,True
1,0f61b7f4-be98-48af-ba91-3f08df425a2e,2025-02-21T20:19:45.175Z,2025-02-21T20:19:45.175Z,28.5,69.9,30.9,0,1043.8,85.08,True
1,bfa05257-c471-49d7-b6d3-4ecdd088608a,2025-02-21T16:19:44.916Z,2025-02-21T16:19:44.916Z,30.5,43.7,31.3,0,998,55.68,False
1,51c1d80d-ee15-459d-8546-9c2fc4a5a1e3,2025-02-21T13:19:44.731Z,2025-02-21T13:19:44.731Z,32,68.4,30.9,0,1045.7,79.73,False
1,a21c12f6-9456-4ad5-8e4f-7397cbfb8f1f,2025-02-21T10:19:44.613Z,2025-02-21T10:19:44.613Z,33.5,45,31,0,988.2,83.26,True
1,b829146f-41a6-4c0b-bc38-fdbb72b13478,2025-02-21T06:19:44.250Z,2025-02-21T06:19:44.250Z,32,46.4,31.2,0,1013.2,62.73,False
1,bc59fe12-9666-437c-8ee5-76f24492bba5,2025-02-21T03:19:43.951Z,2025-02-21T03:19:43.951Z,30.5,42.9,32,0,1026.5,79.82,True
1,d914f7b9-b97e-48bf-ad84-cb268a6a8e02,2025-02-21T00:19:43.740Z,2025-02-21T00:19:43.740Z,29,55.6,30.2,0,1025.5,86.97,False
1,ff008b9a-288e-4b20-90ab-1ba5c682283e,2025-02-20T21:19:43.531Z,2025-02-20T21:19:43.531Z,29,48.5,30.1,0,985.6,64.22,False
1,7b32cfe4-f4aa-4e54-a1a4-8b8d410f3541,2025-02-20T17:19:43.307Z,2025-02-20T17:19:43.307Z,31,68.9,30.8,0,955.4,65.11,True
1,b6334c85-58fd-4a4e-b8f8-fecebd13437c,2025-02-20T14:19:43.067Z,2025-02-20T14:19:43.067Z,32.5,63.4,31.7,0,1039.6,68.63,False
1,a85afe30-ec13-4da8-95d0-57abb6b97158,2025-02-20T11:19:42.838Z,2025-02-20T11:19:42.838Z,33.5,42.5,30.6,0,1046.7,90.74,False
1,2c234ada-3e0e-4ffc-b4df-7fa5d240b0ab,2025-02-20T07:19:42.563Z,2025-02-20T07:19:42.563Z,31.5,41.6,31.8,0,1035.3,70.29,False
1,2d7d74c7-6619-4bf9-8291-d539b8b24d87,2025-02-20T04:19:42.381Z,2025-02-20T04:19:42.381Z,30,48.5,30.9,0,1031.7,58.54,False
1,52b579bc-4b71-4130-acf2-84496512e4ca,2025-02-20T01:19:42.191Z,2025-02-20T01:19:42.191Z,28.5,61.8,31.1,0,1001,61.88,False
1,8fb16646-433b-4c32-b20a-6ec372a14dde,2025-02-19T21:19:41.962Z,2025-02-19T21:19:41.962Z,30,40.5,30.8,0,983.8,83.91,False
1,a94c71f5-40d4-4421-b15b-1e94681325d0,2025-02-19T18:19:41.789Z,2025-02-19T18:19:41.789Z,31.5,48.2,30.7,0,1005.8,95.64,False
1,7adb18d8-2153-42c8-adfc-ebe7a3396c7a,2025-02-19T15:19:41.596Z,2025-02-19T15:19:41.596Z,33,56.9,31,0,1020.9,51.72,True
1,82968bd4-004e-4ce5-8d30-6ac3c2407c24,2025-02-19T11:19:41.342Z,2025-02-19T11:19:41.342Z,32.5,51.9,31.1,0,1015.3,99.45,True
1,79449a04-20df-435e-b630-7009cfe6006a,2025-02-19T08:19:41.139Z,2025-02-19T08:19:41.139Z,31,52.6,31,0,966,50.4,True
1,7962b43c-e709-4866-a214-4534699c2a72,2025-02-19T05:19:40.944Z,2025-02-19T05:19:40.944Z,29.5,65.9,30.1,0,997.8,66.82,True
1,f9ab4ef3-fe05-4c02-bf4d-55e96a69f826,2025-02-19T01:19:40.713Z,2025-02-19T01:19:40.713Z,29,62,30.3,0,1006.1,88.84,False
1,1dcd5b7c-eb34-4fb9-b2fe-d34999a7c21a,2025-02-18T22:19:40.507Z,2025-02-18T22:19:40.507Z,30.5,53.3,31,0,1039.8,51.33,False
1,f908d7f2-aee9-4a4b-9da4-7d4733d27b49,2025-02-18T19:19:40.344Z,2025-02-18T19:19:40.344Z,32,54.9,31.8,0,1028.9,52.46,True
1,7e9bbb58-bc27-45e4-81e6-64373d2f5b43,2025-02-18T16:19:40.137Z,2025-02-18T16:19:40.137Z,33.5,65.9,30.2,0,1023.4,79.48,False
1,3136981a-73ad-40b2-8aaf-5e66acf9fe17,2025-02-18T11:09:58.293Z,2025-02-18T11:09:58.293Z,32.5,64.9,30.2,0,1023.3,86.76,False
1,ab01b6f1-7992-4b12-b5d6-991bcbda5018,2025-02-18T08:09:58.154Z,2025-02-18T08:09:58.154Z,33.5,45.9,31.7,0,958.1,58.25,False
1,72ae02cb-c1b8-4e93-9eb5-f7865e8c3c38,2025-02-18T05:09:57.956Z,2025-02-18T05:09:57.956Z,32,51.1,30.8,0,956.3,92.51,True
1,f9af30d3-a68a-43e9-a475-4ea2cd463d97,2025-02-18T01:09:57.754Z,2025-02-18T01:09:57.754Z,30,48.9,30.1,0,982.7,92.38,True
1,4050d246-ca5a-40a0-96c0-b039f42e7620,2025-02-17T22:09:57.478Z,2025-02-17T22:09:57.478Z,28.5,48.1,30.9,0,970.8,51.98,False
1,453e0c5a-c1a8-4eca-a55a-745ba4e18fd1,2025-02-17T19:09:57.197Z,2025-02-17T19:09:57.197Z,29.5,69,30.9,0,1041,71.75,False
1,4dfbb979-2f3d-4979-ad8a-3fbc0735f41a,2025-02-17T15:09:21.039Z,2025-02-17T15:09:21.039Z,31.5,63.4,31.8,0,990.2,92.72,True
1,13eb62ec-bbf7-43c3-9404-e6de7289aa1f,2025-02-17T12:09:20.876Z,2025-02-17T12:09:20.876Z,33,51.2,31.7,0,955.1,63.28,True
1,1b80bc26-865e-4bd9-aa42-2b43dbcadfab,2025-02-17T09:09:20.605Z,2025-02-17T09:09:20.605Z,33,69.1,31.7,0,1002.6,95.87,False
1,46839acb-b9b2-4e04-bc6f-843d11751513,2025-02-17T05:09:20.316Z,2025-02-17T05:09:20.316Z,31,41.1,31.7,0,1023.8,79.71,False
1,a5522eaa-a5a1-4249-826e-79277a71ef98,2025-02-17T02:09:20.127Z,2025-02-17T02:09:20.127Z,29.5,64.2,30.7,0,956.8,69.38,True
1,6a8e1f97-87c2-4246-aff6-3e03f9eb5ce9,2025-02-16T23:09:19.935Z,2025-02-16T23:09:19.935Z,28.5,43.3,31.7,0,1041.7,65.69,True
